date,GDP,Property..Management,small.business,car.electronic,Finance,construction,energy.sector,us.retail,army,financial.markets,property.development,rental,farm,services,export,ford,volvo,transportation,consumption,mining,us.employment,business.sector
2004-02-01,0.055904,27.5058857,3.0722391,87.4676712,-2.6076726,0.7851936,39.2906171,16.8224397,-0.6173708,-25.9818367,-4.550663,0.7468529,6.9584938,-2.1907996,-2.3506519,0.9903378,-3.9132625,-6.6015857,9.6854795,-0.5440956,-28.820475,16.1288888
2004-03-01,0.7651569,-21.7863808,-3.2206798,-57.6884509,2.5632464,0.7982554,-43.3266882,4.5148035,7.5023911,25.5814753,-7.628863,0.3151248,-1.112955,-0.4640617,0.2124492,-2.307311,-0.8303614,-1.8382917,-10.6304444,-0.5512543,-62.2898613,25.7362842
2004-04-01,0.2434142,14.4838126,2.3153095,18.5442959,-8.577706,-2.0529519,1.9020674,-15.9240809,-6.576661,-4.5035574,-7.3740499,3.2277079,-5.4254908,1.0160532,-8.0859633,-1.1329091,-3.6149168,1.5031895,-0.9119279,-2.2955621,39.426894,-50.8003254
2004-05-01,0.3124285,-12.111416,-3.322869,16.653177,7.0771135,0.0908262,-7.7257446,13.2993606,3.0979658,13.0942092,-13.135223,-2.2575775,-2.805654,-0.00371,5.8727712,1.0338207,1.6011544,0.7176493,13.1979015,6.7442903,58.7200116,28.1173914
2004-06-01,0.4530947,6.8345931,7.0547217,-51.3213272,-1.8067295,-0.774875,30.671117,-15.3908614,-0.8183639,-25.6386107,15.7121428,0.0946666,-1.0933018,0.4496473,3.2960651,-0.4940846,6.5720419,-1.2840901,3.7485814,3.2177905,-46.2011258,7.6094697
2004-07-01,0.0697766,-5.3365633,-6.0273526,37.1734256,5.9062332,-0.6047084,-0.7686106,1.3465301,-1.7041854,10.1950864,-19.8914306,1.3912496,0.3264943,0.9911887,-8.7259976,-0.400766,-9.3542495,-2.8857497,-5.6122434,-9.3454627,7.5877366,-2.0846321
2004-08-01,0.4559199,3.3277727,-4.5505323,-28.4987186,-4.2181009,2.7372773,24.3689825,10.7791334,-3.2706925,9.2761647,33.9969921,1.7094115,6.2216221,-1.3579441,6.4790179,-1.7272227,12.7446626,3.1823999,-8.3007661,-5.0332506,1.8241157,-11.2245966
2004-09-01,0.2772887,-6.7565031,5.3036343,-1.1992692,-1.4289002,0.5114266,-46.8204274,-10.0469331,-1.6451947,-18.4861994,2.2260245,-3.9656132,-6.0450194,0.0887983,-1.565287,2.9389652,-3.0450919,-0.6143293,9.5280583,7.4887021,-11.64763,9.5421934
2004-10-01,0.1206547,3.0817088,-0.1965101,12.5826985,1.0861056,-0.2054021,-4.3355346,-5.40435,1.4256129,-14.9703055,-21.0184009,-0.3000497,0.9696826,-0.6485758,0.0567053,0.2031001,-1.8527084,-1.0005288,-0.7855477,0.178276,-27.9895936,-10.4476365
2004-11-01,0.1471446,4.4542841,-1.3367975,3.3941535,-6.5361528,-1.3344745,19.3044168,-12.882311,-0.4140696,-6.680468,24.2227226,0.6402023,0.7453777,-1.8208939,3.9058626,0.9337356,-9.6391683,-3.7171692,-1.5048516,-2.6353329,-1.5401585,-0.981179
2004-12-01,0.0511358,-1.3977772,-1.4866128,-16.8452182,5.326318,2.4782537,-18.9349794,20.1889953,0.8241877,31.9138004,-25.3823129,-0.4761534,-0.0198308,-1.0817633,-3.581572,0.6238008,10.142232,10.6659237,1.0944119,4.6384154,9.3408819,-13.9918527
2005-01-01,0.4109102,-0.5719056,3.6028062,12.8454191,-1.2936523,0.1825034,19.8459691,-2.3124441,4.3641048,-27.5288386,15.8679946,-0.9799813,-0.9058889,0.8257743,-0.5070981,-2.096589,-9.3022664,-5.0989484,-2.7684786,-2.4566883,-7.2968687,24.361443
2005-02-01,0.1127476,-8.1617899,-4.0618859,-3.8543429,2.7772106,-4.7292664,7.6533686,-4.5226409,-5.6139754,-6.7632244,-35.1432296,1.2564997,-0.0554801,1.2833949,-0.5191524,-1.9513651,5.4245062,-2.2612914,-2.6930041,-0.4341197,40.0838453,-24.1171213
2005-03-01,-0.3400754,9.0900739,-4.2631653,-0.0110434,-7.4196531,-1.7889983,-17.514394,-14.6443177,-0.990266,2.5719392,43.4748324,-0.2453611,0.5911673,-0.2849023,-8.8103908,-0.9222,-2.9043685,3.5662015,3.7420709,2.3587729,-19.5974004,28.1614504
2005-04-01,0.7390932,-8.1887209,5.4054662,18.4141188,1.2100598,0.5387089,8.2444418,32.424766,-4.4646684,27.5103623,-13.7888021,-3.6557418,0.7277484,-0.5311326,12.0196855,1.7604753,1.8401798,-1.8631673,-1.008714,-1.0769387,-26.9398304,-10.1337708
2005-05-01,0.4517805,4.6249895,-3.7127622,-12.9827242,2.504886,1.2581042,18.7662268,6.1721291,8.3077689,-11.4644831,-4.9949945,2.8930025,-0.6335306,-1.5861534,-5.8346324,-1.8816959,-3.0233024,-1.8838404,-3.997538,-3.562159,16.3091187,-34.3794665
2005-06-01,0.3257969,11.4934145,1.8762071,-23.6877738,0.399306,-4.2416223,-68.9831084,-14.5780785,-6.8719966,-12.8184992,-36.2023545,4.0913707,1.2809744,-0.1659962,3.8955943,-0.6223526,2.9101449,-1.2331727,-0.3244789,4.0540462,0.3170663,5.3028548
2005-07-01,0.186259,0.0829261,-12.298718,22.043484,-2.1667743,7.38643,68.546357,-5.0901333,-2.7180638,32.4941958,37.3621687,-4.1520849,0.9844674,0.5468293,0.5730597,4.0974676,-0.263576,-0.9217028,-0.8101042,-0.7851932,-4.2601644,-4.3020739
2005-08-01,0.6416211,-2.5344098,9.2607213,20.3826084,0.7394942,-3.3543378,-2.9155294,-7.2840529,4.9589021,-24.0748972,-3.333012,-0.6175771,-3.3480795,0.7740876,-2.7322906,-3.1448759,0.2320046,2.4461789,11.1995115,-4.9090975,16.3416404,14.5373662
2005-09-01,0.0157126,-3.3690666,2.9411582,-8.6760434,3.3369587,-3.8722178,1.0819428,36.3789878,1.3251636,-12.7862179,-38.2198931,0.8498471,-1.477066,-2.5454605,-2.7816252,-5.7719605,-1.2443882,-3.373576,3.1130976,4.5916968,-23.078873,-8.1250264
2005-10-01,0.225179,-0.5437818,-4.2007936,-1.3955931,-0.3660877,2.4115639,5.7222658,-37.2452836,1.5457773,33.6571251,32.1333623,-0.9426534,-1.3268788,1.0055329,-3.3412386,-0.1630521,-4.5871451,1.5386438,-12.9411456,-2.0107813,8.6977752,2.3235557
2005-11-01,0.621126,-1.1415845,-1.6838084,-28.9755836,-5.3355129,1.6807261,-27.3111632,-11.346435,-3.0053632,-7.3038558,-19.9931032,-1.3916191,1.0917566,0.7960316,0.5806806,-0.8782541,10.1424906,-2.7195993,7.8294441,2.8671214,16.2880737,-2.1173
2005-12-01,0.3640382,-0.9560714,3.6435239,32.8593313,2.3308983,2.9708105,-12.8328424,21.7246193,-0.297085,-40.4110533,19.7673044,-0.9089578,-0.9732412,-0.5756089,0.4439488,-2.4795973,0.7304786,-2.5079864,-10.6623611,-5.1375309,-8.3818183,5.9748718
2006-01-01,0.2359288,-0.7637618,-1.5431029,-64.1383865,1.0356783,-5.2540217,20.6320714,-14.2152824,-0.3173816,30.7704132,-42.9863574,3.1304968,8.3481816,-0.6240486,-3.944963,7.2546701,-2.3129458,-1.5048108,10.2233104,3.0484742,-3.5117762,10.8892728
2006-02-01,0.2686728,9.4808824,-2.2507644,54.181175,2.0776006,0.7634788,-42.3588803,20.9175309,3.1470533,17.1748151,36.834166,-2.5195499,-6.1088421,0.4231523,5.0305909,2.9036492,1.133502,-0.4067709,-0.2791748,0.9778814,-6.5761479,4.7068746
2006-03-01,0.307841,-12.701949,1.5611764,1.8679976,6.7807947,-0.0308494,29.0478562,-15.0960311,-3.3876483,-22.1839924,-19.1784886,2.7546735,0.0873118,-1.7675541,-2.7120732,-2.8501435,-2.5774994,-0.5518373,-0.7170274,-3.3360288,-18.9351942,-49.2258146
2006-04-01,-0.0532719,5.486565,-1.2185161,-12.4084968,3.5776415,0.8773716,-9.5840934,28.3116404,-0.3790399,-2.2919403,32.1670134,-2.2613882,-0.566191,-1.197028,3.1251479,-1.105156,0.9388987,1.2170173,-0.0662265,6.5463211,1.6033872,32.7685316
2006-05-01,0.0619164,-0.7493188,2.7871728,-37.7650624,-4.9181082,-2.8194577,-9.3592732,-43.9669819,-3.1056418,21.8382933,5.5814486,-1.1271874,2.8302205,2.0329114,-4.3130957,-0.4823956,1.8128978,0.1935662,4.6200543,-5.6025262,-12.8894591,-12.1611836
2006-06-01,-0.1604559,-11.1554091,-1.555065,35.4008238,-0.3782926,2.2427896,7.3552333,9.2228103,0.975261,-3.6907957,11.755103,0.8883142,-3.6485458,-0.9580489,0.6591264,0.8482817,-6.2612874,0.6425285,-5.0490758,-2.2388214,14.7858653,6.4215032
2006-07-01,0.1004966,7.8390897,1.1250034,-8.7973791,0.00261,-1.8930061,-24.2355657,-0.6085553,-0.9789245,-17.787657,-11.7992018,2.8735915,0.4817273,-0.7192372,-0.7583008,0.1997889,3.2856524,-0.0874804,3.7140719,0.55271,-19.2309719,-7.1192459
2006-08-01,0.022915,1.815936,1.407798,18.87214,-0.8095409,-0.2167882,12.3092624,-15.6638163,2.0095139,-34.6381051,-26.0874359,-0.4054012,0.3554281,0.2068634,0.4368256,3.7183829,-2.0680281,-2.4232537,-2.2336137,1.9325316,0.2707904,-0.5229837
2006-09-01,-0.2427363,2.1016181,-9.7156156,-6.4737391,-0.1860486,-0.4578012,17.1839805,8.2948449,0.811062,35.8063985,25.1305625,-1.4853194,0.7928804,0.0891986,-2.8293904,-3.3359973,-1.6411321,0.1603848,-6.6828365,-2.5243978,24.5212259,33.1157846
2006-10-01,0.157236,6.0461753,5.2330856,11.946451,1.3300845,2.4511602,-18.3681842,18.8190312,-2.4024814,-13.7083474,-12.2167908,0.8467145,-0.8045489,-0.6495921,0.6016185,-0.1158281,-0.3634065,-0.3900012,7.8059,0.9628737,4.0549882,-42.409209
2006-11-01,0.1995553,-7.5291168,-3.1836372,-26.183404,5.244464,-0.092408,11.8762327,4.879763,0.2265787,27.3848148,-1.4212668,-0.6841675,0.3774114,1.1064243,-1.1918111,-0.7027558,0.3386414,-1.4662033,-4.8819718,1.2154614,6.3322523,30.6659066
2006-12-01,0.6985171,2.647503,-0.5816465,-2.1935593,0.9351586,-1.6427975,17.5282332,-14.1635236,-2.359663,15.7520814,11.0323447,1.4562017,2.3030236,-0.4920814,1.0217371,1.2775814,-0.5590472,-3.5727991,3.7453119,-1.2377071,-38.9860829,-15.1201168
2007-01-01,-0.0203499,7.3472724,-2.7565951,16.2172957,0.4634394,1.3091024,-28.0074071,-5.275264,0.8823908,-28.0492771,3.9464368,-2.2070934,-2.6173467,-0.7227932,-0.0571113,-0.4118043,5.2015546,0.6662555,-4.3798473,-3.7181225,-0.601176,42.3855182
2007-02-01,0.4630137,-9.4961727,2.1090462,-40.4765879,2.2654691,-1.8449293,19.5818166,-22.294001,-0.644499,34.5415858,-14.8453629,1.2131538,-3.8528204,-0.3731769,-1.4135534,-0.1955972,-1.8627331,1.7890756,3.4118353,5.9297335,30.7463377,-35.3861343
2007-03-01,0.1809733,6.8548985,-0.6070359,20.5252059,-1.4037546,0.2674923,-3.8057567,48.1432533,-1.8755457,-43.6818158,11.0586183,-2.7620259,2.5498875,0.5291775,-0.2752693,1.4445676,6.2359004,-1.3224469,-1.1859845,-0.787778,-9.618277,-19.817037
2007-04-01,0.1026094,-10.6539528,-1.029679,-26.5533384,0.2771892,0.5125553,-10.8643404,-32.1677123,2.4039347,-42.8917815,-7.5506686,2.5111834,-2.0719692,-0.2503881,0.0783072,-0.8161578,-3.1377682,-2.4051504,-2.4711869,1.5484661,-3.1352527,30.550059
2007-05-01,0.4073452,6.3454332,-0.5533459,35.4751023,-0.7404783,1.5370049,11.0382406,7.3684718,-1.7163579,22.3375957,-47.0747071,2.1613755,2.9006293,0.1381814,3.1035178,1.0980227,2.8277427,3.923805,2.0483652,-1.0345596,10.600262,7.8240883
2007-06-01,0.2560739,-3.6539626,0.7196692,8.720459,3.2179018,-1.3177961,-31.9173868,-0.000772,1.919504,48.5433451,35.4975096,0.0158633,0.528181,0.7892765,-3.0943479,-0.8225827,-9.319058,-0.4040753,-0.2303823,0.8285682,-6.7843694,-40.8369178
2007-07-01,-0.0448367,10.813315,-0.1777063,-11.6040861,2.3196909,1.2502106,5.1354395,-0.9885576,-1.5862566,-20.7469203,22.2953274,-1.1819977,-1.1027435,-0.7736645,0.8723249,-1.1703557,5.6343464,-0.8873934,-0.7514501,5.2517715,13.3792952,24.642701
2007-08-01,0.2658233,-7.8126668,1.8078499,-25.8597832,6.2039867,-0.6640911,14.7925388,6.4475846,-1.3371052,18.7579715,-3.5349099,-0.1848719,-0.9279108,0.316391,-0.1011004,0.5635847,-1.6289997,-3.7727014,-4.5049743,-3.5590214,-31.6416409,17.1925171
2007-09-01,-0.1935141,3.3705273,-0.3962565,29.4821727,-6.0565476,1.1996982,-14.2234356,-47.6933889,-1.730584,-36.9478069,6.4270069,-2.02071,-0.6554971,0.0467466,0.1875405,0.3018593,3.8462999,3.7927446,-0.9862564,-2.5116383,33.1785828,-45.7829884
2007-10-01,0.0737991,-2.4157216,-3.1905489,-36.8662456,1.2722436,-1.3573354,44.1166706,83.21946,1.4089514,23.3457655,-4.660406,1.3833799,1.8583859,0.00953,2.701129,-0.3662061,1.538023,-3.0840729,-1.3054127,7.744806,0.8030837,36.6059938
2007-11-01,0.0761484,-0.3797433,4.8816026,33.5966977,0.8001474,-1.6895431,-37.859084,-35.6282668,-1.4472425,-3.3531349,7.9525454,2.4329033,0.00215,-1.4368397,-2.9781611,1.1718216,-8.2265268,1.6082634,-0.4091953,-7.3976082,-29.172842,10.8492369
2007-12-01,-0.3910375,-1.2425355,-7.9204958,-30.0827284,-2.1136203,3.2691045,1.977348,-20.1289238,0.7214534,-15.2770718,-18.6384947,-2.8734631,1.7257428,0.2293733,0.3356627,-4.4877378,1.2130031,1.3033014,1.4003902,-5.2350273,10.1919706,-45.7256149
2008-01-01,0.3319736,0.7912649,6.2533415,11.7725114,4.9058234,2.5398378,-10.1770173,33.6579175,-0.2715275,23.1640209,-11.232858,0.3762839,-1.226303,-0.1719968,0.912185,4.8898447,-0.5698116,-1.2668135,-0.2254578,4.7476447,-2.7175648,5.5470985
2008-02-01,-0.1406484,-3.4331994,-1.7164203,-5.1931328,-3.7368199,-1.4843258,-2.7995186,-13.6480188,0.2582191,-1.4718216,19.7295171,-0.3343809,1.119229,-0.9439751,-2.8113928,1.5532674,-0.4806532,-1.0503805,-5.5891546,-1.0389011,22.8393753,24.8005025
2008-03-01,-0.0524466,1.0806654,2.9141232,13.6682536,-0.6616888,-0.3910635,-13.5425172,10.8238421,14.6606932,5.4002815,-6.7530571,-1.2367878,0.5158321,0.2171155,4.328463,-2.2102239,-1.8196694,2.1418914,-3.8499686,2.8018506,-2.5814226,-45.7652789
2008-04-01,0.3467243,1.533822,-5.1439529,7.1814399,2.7040059,0.542326,17.5719837,-16.2706104,-13.2820564,5.8223575,7.0732646,0.6712565,2.8743101,1.429362,-3.9064072,0.880945,-0.3304272,-3.498305,3.6447697,0.4879695,12.0372339,6.5342035
2008-05-01,0.0797719,-0.238629,2.5503966,-5.6724116,0.3103496,0.3757782,-10.0319069,-1.1834992,2.0614216,-23.3817126,-15.4193832,-0.2067837,-1.8113777,0.1259247,0.9134145,1.1421024,1.0270846,-3.1400778,-1.856352,1.1200051,-12.583952,51.6889665
2008-06-01,0.33636,4.533464,-5.3747334,9.5832711,1.0592678,-2.1782516,44.5444245,11.870244,-2.046414,3.5176754,12.3766877,-1.3312102,0.1505711,-1.3482961,-1.0714935,-2.3945713,1.9518886,0.4976167,-0.5051456,-1.8581617,-37.7278501,-10.2004998
2008-07-01,0.5842143,-7.8376177,3.0853327,-14.4250241,3.0680172,2.5408373,-16.6086894,-12.1193431,-0.2167596,-25.1678018,-9.0643863,-1.1681159,-0.2873326,1.7652023,-1.9941494,-1.0802664,-2.0651456,1.9729401,-1.6650742,0.7073043,44.4772367,-11.3898865
2008-08-01,-0.1977187,0.0723065,-1.6140319,-18.3648259,-0.8091333,-1.0009875,-26.687097,20.382413,0.2812545,10.9083555,-22.66089,-0.3237569,-0.0743569,-0.9088304,3.1478537,-2.8252004,-2.1056361,-1.3091095,-9.6814979,-0.0910468,-20.4711371,11.4779237
2008-09-01,-0.0819481,3.2362356,1.0859974,11.5833366,5.1272848,0.3279856,18.547602,9.3560343,-1.4075195,45.1281992,1.4820889,1.0712413,0.7249696,-0.5106942,3.2809409,0.8019068,1.2416733,-1.042388,4.5647582,0.7843341,-4.7189976,-27.6247029
2008-10-01,0.00789,-4.9535185,-1.4651613,2.6892767,12.6876851,0.3441599,5.1639255,-10.5101764,-0.8402063,32.8882038,23.3946536,0.0821506,-1.4918722,-0.246661,-4.9267154,0.8951578,2.1055043,0.3414004,-3.1102831,-0.7569868,0.7409579,35.1783219
2008-11-01,-1.1200981,3.8316836,0.6760188,-0.0712451,-7.4764668,-2.1872597,8.3958745,-1.7165801,0.1727029,-56.5781714,-7.3900736,-0.7947538,-1.2789625,-1.6660073,-4.1626615,1.4534315,0.3364161,-0.2846382,-4.2244415,-5.7185266,21.558556,-39.7014185
2008-12-01,-1.321909,1.6459684,0.8409358,14.8780598,-0.4638099,1.7084182,-8.7774206,4.2435507,4.4191126,0.2138794,17.6260351,3.9312828,0.1755002,1.2401442,5.4095265,2.3690166,0.7798118,0.5939994,-4.4214096,4.5527555,-3.4947836,23.1621492
2009-01-01,-0.8478609,-2.5884524,-1.343258,-7.9279685,-4.827708,-0.9013542,-8.1034139,-20.6494256,-0.8993525,14.6885034,-25.0341709,-3.816585,1.3090964,0.5321194,-1.4202353,-0.6693248,-2.3074126,-6.111932,0.49253,-1.0574234,0.0765283,-25.3859665
2009-02-01,-0.3798304,5.2030798,5.2153723,5.2015872,2.692493,1.5835906,6.8910232,-1.0782609,0.2274411,1.8755576,17.075074,0.6928583,0.3830416,1.8918599,1.3272073,1.7061949,0.4693295,5.0368196,1.0827231,-2.7347229,-23.8270458,-19.723087
2009-03-01,-0.6689129,-2.6167228,-3.6032375,-42.100824,2.5288578,0.512492,11.9652536,-31.4364365,1.1131916,-4.6774793,-26.6959695,-1.7618453,1.9307533,0.0115113,-0.3131523,1.8761927,4.4582337,-2.5057544,5.2078806,0.3527425,1.4541993,39.583801
2009-04-01,-0.310619,5.9817202,-3.03584,40.4506958,2.1654134,-0.8769461,15.8602561,53.644853,-1.077685,-16.5038953,-25.9147662,0.8388745,1.9581017,-1.3475743,-0.0763513,0.9745159,-1.0464952,2.8170666,-4.2516838,-1.5586747,29.3892406,-14.9915772
2009-05-01,-0.1903772,-5.4054967,-3.1292885,-30.5161623,-0.7132924,0.2403228,-29.1007241,-27.3433713,-2.9865665,-10.8031722,42.0677235,0.0908539,1.0377525,0.4604496,1.7365143,1.1251639,-3.3813867,-1.513972,-4.0117309,1.513091,-20.23367,5.2669781
2009-06-01,0.0233519,5.261922,9.7120722,26.0689163,-0.2388694,0.9713333,25.3172004,-20.0383123,7.7827428,15.3769303,5.2360274,0.5243777,0.8687459,0.764324,-3.1619218,0.4560119,1.7078373,-0.4311222,3.8418658,0.2160121,20.8585445,15.7156235
2009-07-01,0.2890734,-1.3815761,-5.8047269,-51.6555601,-1.9652012,-1.7982443,-6.7856047,35.6713541,-3.7730763,-15.6717041,-11.2848656,0.4577809,1.018283,-2.610482,-1.5454613,1.1738548,-0.8333245,-2.959649,-6.7694933,-0.5075909,-33.2349727,17.5603138
2009-08-01,0.1110386,8.1527503,-0.054523,58.9941941,5.8198593,1.4041742,-1.8730055,-3.3305901,0.3517191,11.1417596,0.1410596,0.3804734,0.6668495,2.8459552,-0.5039383,0.159188,0.4525623,2.9287195,5.2236588,1.1356602,1.1200314,-26.9795799
2009-09-01,0.6480404,-4.3640328,-3.0135059,-40.8663793,-6.1527498,0.3522702,-28.6854437,-18.4958958,-0.9098719,-3.6843862,-24.7037476,1.6384293,1.0390058,0.6342323,-0.7711653,-1.0968111,0.3587962,3.6406751,-1.1668614,-0.6875416,-15.0260615,9.7805038
2009-10-01,0.1534972,1.2362896,4.3670364,24.9937697,-3.3603648,-1.5602048,-29.4099226,-19.0533543,1.7443462,2.674525,28.4758006,-2.1469829,0.5866723,0.6099963,-1.2741626,-0.8056239,-3.9048395,-3.4385904,1.7114981,-2.5324121,17.946291,-23.9930347
2009-11-01,0.6182577,0.4068532,0.4827023,19.4074475,-0.5669295,4.4967181,15.4470078,32.2994439,1.3501873,-4.2915557,5.3859265,3.2234339,-0.8287358,3.0528908,4.9943303,0.3403047,3.8897548,-0.721125,2.361941,0.6183662,3.58504,-15.2451966
2009-12-01,0.236874,0.4130847,-1.2982374,-29.6798337,-0.0912652,-2.160458,16.6083064,-5.9904973,-2.381811,-25.3931519,-0.9810834,-3.8086921,-0.9250403,-1.9095206,-5.1901772,1.0900769,-2.8957951,0.3845343,-1.2687944,1.8994261,28.6601374,34.7899626
2010-01-01,0.6460433,2.3157469,1.0899625,14.5021074,1.2207554,1.2912876,1.8912769,17.7897207,10.5247933,27.7973899,11.4713702,2.0738907,1.649673,0.2281902,2.4518484,1.6618444,-5.6881565,1.7624699,3.3539701,-1.2870317,19.9054023,-29.4092027
2010-02-01,0.319036,-1.0026045,5.0390707,-3.6264474,0.2563695,-0.9427771,-3.7163706,0.7215369,-7.5912492,-30.7115071,-15.1999273,-1.608498,-3.9309123,-1.0565464,-0.5732503,-0.950696,3.1260356,-2.5400253,-8.7154681,-7.364502,-58.3465749,14.6074246
2010-03-01,0.4963489,-0.0690889,-6.8079582,31.9882052,0.0749179,1.7090893,5.556506,-10.1466548,-3.6579543,37.1020288,1.7215556,1.556749,3.7735402,1.4413348,-1.4174807,1.1117589,-0.3709642,-0.7136247,2.5626827,7.449993,37.7501149,17.1425745
2010-04-01,-0.0895889,-1.253357,2.8106671,-35.3943291,0.0387095,-0.5859328,-21.5915308,-3.8787439,1.3924108,0.615105,-5.4827803,-0.2331832,1.1636887,-0.7058315,0.6661445,-1.6128362,1.9947314,-0.5602738,-2.8060208,0.4688748,-10.5596511,-20.1015906
2010-05-01,0.552115,-1.4507554,-0.3266212,4.8452774,3.6731054,-0.7431051,35.5865029,-2.4885384,-1.128137,1.3203526,-13.7493579,-0.4319932,-3.8517709,-0.8760516,1.5372298,1.2025497,-5.1512342,-0.9728201,-0.3246733,0.3944029,-49.0506037,-15.7167841
2010-06-01,0.2252356,-1.8301409,-1.5124064,-9.1978998,-3.7014246,-0.2728765,-24.9368312,11.6125423,0.1415675,-19.0895278,15.3198867,-0.7935671,-0.5199677,-0.5951604,1.6848568,0.4276819,3.7790186,0.3415834,-0.0697407,-0.8136883,62.2447908,19.56717
2010-07-01,0.061854,2.1938933,-2.3070825,-45.0389688,-1.4498425,-1.0019186,-0.2951415,-26.1356456,-0.4929872,19.0427342,-6.9329196,-0.9298658,-0.9954031,-0.8713059,1.212215,-0.4212118,-0.3618498,-1.7460603,-0.0456281,-4.1045522,-24.6008384,-0.493358
2010-08-01,0.3210746,-3.5222585,0.3156374,40.2960877,1.2323219,0.4635428,-8.8517751,-6.3006947,-1.3980806,6.9404503,11.0782673,-2.930878,1.0741864,-0.5669837,-2.1877836,1.2551085,0.882941,1.2277524,5.0256172,3.3262221,-2.0490874,-25.7774421
2010-09-01,0.0165413,-2.2941779,0.194448,1.1662465,-6.551675,-0.925525,18.4106131,33.8017816,2.8932202,-12.886125,11.537725,2.0226945,-0.4207633,0.0516379,0.3525356,0.3653224,-1.5293384,-2.1171135,-0.2692308,2.8443539,8.7295577,28.0963464
2010-10-01,0.4339953,1.5990508,0.5108544,-10.7935669,4.1975775,-1.3329447,0.0860982,-22.7643937,-4.9198433,0.4364727,-23.3981927,0.5036464,1.2686427,-0.31585,-0.267773,1.3955294,-0.8098066,-0.0272741,-2.2830286,4.6571022,18.6740746,-15.1357619
2010-11-01,0.3254808,2.6698265,-2.4760822,12.3187811,1.0457568,1.310507,-15.0199863,9.8482405,0.6103749,5.3553346,-18.7693034,-0.0727234,0.7946837,-0.3491588,4.9753182,-1.7338028,-3.8313651,-0.8732728,1.1324892,-2.7827311,-15.6678266,13.4890989
2010-12-01,0.7070986,-3.6605152,5.5252575,-2.0442432,0.8440909,-0.270571,8.1025918,1.2111469,3.2165673,-2.2806631,-13.6062309,-0.069814,-0.4788704,1.5794058,-4.3416444,0.3605584,3.6687682,0.1771384,-2.4259625,0.2176658,-24.0232099,21.7365882
2011-01-01,0.2810361,0.7617326,-6.5250438,10.5945287,-2.582479,0.0983136,-7.7474604,-13.9301441,-6.4837273,-7.347635,42.2339191,-1.3594726,-0.8646892,-1.2109833,-1.7014084,-1.501606,-0.7670331,-2.0905622,2.4266362,0.8837161,-9.7182987,-37.4440608
2011-02-01,-0.0247443,2.8563885,-1.2049294,18.4581641,0.2188543,0.2788555,6.1644587,17.3552789,-0.5402615,3.4877767,-2.2921554,-0.0977045,0.1569099,0.3060817,1.5966407,0.7063784,5.3583034,-1.0941498,3.1608906,2.0489539,15.8469407,-0.3375269
2011-03-01,0.3316422,-2.0542079,-1.4096991,-24.5036521,-0.9592739,-2.1855495,-7.5334427,2.1733101,0.2625365,12.998989,-5.9036854,-0.8134698,-2.2524404,-2.1261547,-0.7265626,-1.656421,-6.9979711,0.9872484,-2.7909732,-2.2354376,-18.3776255,13.809697
2011-04-01,0.1334403,-0.5728887,1.6323952,-18.6638304,-1.957118,0.9114932,4.9984357,-6.9263626,-1.5317847,-24.7601722,-9.2080267,-0.5384332,-1.1077035,0.4565471,-0.6789128,2.2652297,0.251978,-1.8962114,3.0060504,-3.9955659,-1.5380387,2.063025
2011-05-01,-0.2399604,3.0528322,-6.6383496,10.5852845,-2.4796515,-0.2445716,32.4592368,10.5052082,1.4034184,20.7708924,25.4889742,-1.4572549,1.3947053,-0.209862,-1.8586994,-2.5315432,1.2903804,-0.2335598,-1.7201292,0.7042011,27.9594201,-8.7942923
2011-06-01,0.3440701,-1.1592016,5.261527,-12.089922,2.082725,2.30807,-72.8376183,-7.3401021,-1.041675,-7.7435186,-22.0410626,2.5218132,-1.6573299,1.2355432,-1.9723849,0.5084073,-4.0153684,0.1866479,-1.3688039,1.3295704,-13.6703248,7.2695044
2011-07-01,0.7164162,1.6085335,1.933965,22.9509343,0.9761017,0.341141,2.5470788,9.7136036,1.0163335,14.5533135,-0.841966,-0.5391967,2.6052748,-0.5680832,10.256308,0.4342405,2.5975617,0.8236474,0.5485938,0.7418656,0.1223596,-11.2333373
2011-08-01,0.5510649,0.3117168,-2.145819,-7.957777,10.5514326,-0.8788454,49.4060751,-1.43017,0.4143788,18.0280344,13.415203,-2.7772708,0.1600866,0.4640456,-3.8619671,0.2987186,3.0277804,-1.7407218,-1.3380606,-1.8662414,32.7914461,-27.0715897
2011-09-01,0.1541758,-1.8414268,1.0842824,4.7999865,-8.8213336,-0.7478018,-0.237452,-19.2947474,0.8371766,-25.1941468,-6.808172,2.0839333,0.3875962,-0.5481968,-1.5476348,0.00548,-1.3949581,0.2635838,-5.682737,-1.9783546,8.003026,44.9542209
2011-10-01,0.0195946,-1.0489065,-1.5452072,1.6606902,0.4617047,1.7150361,-20.7232078,3.7742501,-0.8906377,-2.1753526,-7.3997234,0.7808073,0.3922639,0.9252522,-0.1923597,-0.0315104,2.1174414,0.73827,10.0829642,1.0169603,-21.2799721,-6.0972026
2011-11-01,0.0748019,0.4613816,0.1401106,-15.9041604,-3.7398829,-1.8638011,24.5835139,-3.3939548,-0.6115107,-31.0798736,17.7979838,-0.9640189,-0.4282091,-0.3456084,-1.1065753,-0.4699814,3.0899478,-0.7739295,-4.2367634,0.3183189,-17.1970013,-46.4090715
2011-12-01,0.461494,-1.2401402,0.4226285,16.9634565,-2.2526868,2.4127115,-11.302961,-18.7992737,-0.4650761,34.0374991,-27.1523827,-0.6977083,-1.3266592,-1.0801499,3.0325336,-2.1002847,-5.7736823,-2.7020846,-0.8916681,-0.1678922,11.1440842,27.4595342
2012-01-01,-0.0622397,-3.5232365,-2.6187291,-24.9817279,-1.0920059,-4.2757861,3.5623393,17.3512899,-0.0863424,-1.2704942,0.6305154,-0.7128998,-0.4365925,0.0596954,-3.5702848,1.3433684,5.1083701,1.195591,-1.3026005,-1.1476746,13.3194879,36.3002297
2012-02-01,-0.2631852,2.4634755,0.7013444,40.2147549,1.3194603,0.6146353,12.6828743,-6.7941759,-1.5726458,-10.1300013,0.4882403,-0.3733489,0.6743053,-1.2039755,1.1444104,-0.6978888,-4.098216,-4.99796,2.9591361,0.4081137,-6.767961,-29.0105838
2012-03-01,0.2450932,-1.5554091,1.0423795,-10.3494891,1.5218794,1.2837629,-10.9538044,-2.6365813,0.3509877,-0.9861468,10.9272048,0.4146586,-1.4436268,0.5584266,2.1831807,0.8839365,0.037368,4.2104508,-0.1853334,1.1418452,-15.5453408,20.0711395
2012-04-01,0.3396772,2.3739982,-3.0251773,-32.3521,-3.5106424,0.0879825,5.8227714,12.277803,-0.5528684,11.4942825,1.4446988,0.3415627,1.0180481,-1.5864395,-1.6779153,0.0558928,0.1938951,-0.148456,-1.8189208,2.0602064,-1.2185608,-16.4667975
2012-05-01,0.1564307,2.4383161,0.2707388,8.0176924,2.1847079,-1.0515513,-22.2350056,-9.1638981,0.1876523,-6.1397672,0.3669403,-0.9625904,-0.6822717,0.8887338,0.5170006,1.1418619,0.9436745,-1.0328404,0.8783171,0.3400345,16.3756937,-23.2178208
2012-06-01,0.0489148,0.0406829,1.9955411,17.1169716,-0.9128974,0.2864994,13.9987815,9.8759325,0.4436916,-12.846322,-2.7785148,-0.00873,2.4083447,-0.119996,-1.4849685,0.760536,-1.9505871,-0.7073471,-0.4406163,-4.4624671,-13.1758282,6.929523
2012-07-01,0.1955952,-2.1252236,0.4787323,3.4879856,0.2069162,0.7458022,-5.5984169,6.5959427,-0.6614969,2.7765846,15.7746213,-0.8830071,-1.0809182,1.5279888,2.5275581,-0.0730651,-1.07244,2.2433952,0.8364018,4.9075413,4.853317,12.9892204
2012-08-01,-0.1295953,-3.1562253,-1.1823262,-2.1077586,-1.0017075,-0.5085156,16.646154,-33.0395707,1.1748927,-9.2786331,-2.8350248,2.3207714,0.1300944,-0.84198,-4.2511657,-0.6354819,0.1838724,-1.730331,-6.5089067,-0.7099984,-4.0776443,8.0092298
2012-09-01,-0.00946,6.6515,0.642142,1.6532348,-0.0547954,0.434893,-13.1183697,18.1673781,-1.3288596,2.6115328,3.6727469,0.2152099,-0.0320883,0.3189721,3.5828827,0.8550152,-2.8395736,1.2281196,5.6362074,2.3884642,-9.8720925,-15.0087746
2012-10-01,-0.0412342,-3.3796506,1.1169698,-2.4918721,-0.6241674,-0.8872651,4.0882019,3.7426465,0.9787678,19.6929883,-6.2543134,-0.7029741,-2.3348206,-0.8431035,0.7689014,-2.5381713,0.5259515,-0.564491,0.5906327,-3.8476847,-7.3768973,47.6982956
2012-11-01,0.4788092,-3.1725022,2.7181989,-10.5408741,0.8682492,0.6053127,3.0224465,-11.9902597,0.0463706,-38.4587075,-2.8604256,0.1122733,2.4154182,0.00679,-2.2554015,6.7529729,-1.951545,-0.8395493,-0.8009886,-3.3343602,3.064699,-19.3316792
2012-12-01,-0.00512,1.7523477,-6.7302851,15.9697289,1.814488,-0.6399932,-8.790623,12.4386831,-0.6321931,37.6016888,6.1241052,0.2850635,0.3296949,0.4261515,-1.762759,-4.8409701,-2.0238825,-0.6577723,-5.094996,-1.3939395,0.9877301,-10.4322688
2013-01-01,0.4900913,-0.435483,4.4879096,2.6193202,1.6309941,-0.0368543,3.7469582,-2.2323423,0.111029,-7.2681719,-10.8977178,-0.0883051,1.3909781,-0.4113063,0.9089714,1.1107333,2.2131843,0.946657,3.5455855,1.3432779,15.8438641,7.4659155
2013-02-01,0.4478509,-3.1417898,-3.1845829,-43.3444434,-0.8878149,1.7687385,-17.9673247,-12.210559,2.0942612,-3.5339381,-1.3373295,0.1931107,0.0475066,-0.5384814,1.7151019,-0.8635998,0.2605846,0.5104102,-1.5356966,0.0858419,5.4831278,-49.9219234
2013-03-01,0.4021497,2.1399562,0.0547623,-3.7225566,-0.5370375,-0.3563025,20.2227039,14.5773332,1.3092652,-5.8869941,6.9700381,0.144939,0.7692292,0.3113943,1.2528676,-0.7153699,2.6318747,-3.7851703,-2.0124171,1.8418383,-6.6545736,-7.368598
2013-04-01,0.1115173,1.2190319,1.0664803,35.8275198,0.3407887,-0.2239129,-64.9572492,-42.814981,1.2772477,2.7860136,0.2419548,-1.6329305,-0.6982963,0.164036,0.7399998,1.5414589,-4.7067541,1.1742027,-0.5592531,3.4304621,6.520314,44.2279528
2013-05-01,0.2642206,-2.9589389,0.2019777,-3.8475975,-0.4839099,0.6815886,73.5501389,61.2902264,-4.715566,16.6207794,-1.2197429,0.0429534,1.2582438,0.580827,-0.6470532,19.9288736,0.743876,-0.1332583,2.6636625,-5.5377182,-30.3623599,-4.5915374
2013-06-01,-0.3937529,-1.4736619,-2.7076867,3.8057548,0.4833116,7.1535984,-23.8547814,-10.0586057,2.3833925,-5.385215,-0.5350614,-0.3809398,-0.4486192,-0.37908,0.185883,-12.3643634,0.5273887,0.0692368,-4.6281133,0.3423166,36.1805599,-19.7872083
2013-07-01,0.5422384,1.549372,-1.2837116,-16.2796476,0.5637493,-9.354174,0.3809041,-35.0248092,0.8114273,-3.3786998,-5.2426831,-0.506271,-0.5986456,-1.1792406,-3.0425514,-7.0964333,1.5449768,-2.7646678,3.1297817,-2.7346066,-11.8970767,-14.7229176
2013-08-01,0.4718599,-1.4806363,2.3870838,18.8804137,-0.1226942,0.8048679,-2.0783784,35.6010124,-3.2657248,-7.983007,-8.7640045,0.6268184,-1.1041778,0.4084654,1.533747,1.8868738,-3.7753167,1.9220304,-0.2766037,1.5572658,12.2334287,57.1855443
2013-09-01,0.3267402,2.242464,-0.8630144,-15.4607872,-1.3925761,0.2040197,35.0376371,-16.9411937,1.8480852,-4.2721998,16.7511909,1.4975941,1.098985,1.1317679,0.5858848,-2.8785285,3.8849404,-0.8114286,3.8534769,2.3386957,1.2308771,-16.6519279
2013-10-01,0.5577829,-1.2381673,2.0411716,41.5489766,3.8140005,2.3735818,-27.5918855,10.454362,-0.5151562,-4.5441791,-4.2489433,0.582287,-0.9128775,-0.4001892,1.9805666,3.5367613,-1.2898077,0.5360961,-0.7790124,-3.4868119,-11.3129568,-5.9859231
2013-11-01,0.1496985,0.1198816,-0.7713102,-43.3791952,-0.4198065,-0.8273854,4.4650675,5.2908925,-1.8825411,14.9610668,-10.0526882,0.2853094,0.9108206,-1.7498818,-0.5290319,42.4722874,14.8113115,-0.4199276,-1.3775514,6.7700287,-7.9830349,12.0085786
2013-12-01,-0.4847856,1.7823833,-0.1969262,26.3076658,-3.0009094,-0.3628629,-1.3662376,-5.3737687,2.1794318,-1.8944324,3.8636747,0.4985057,1.8118593,1.0680501,-1.8445696,-33.4071556,-5.6604823,3.5631741,3.8668268,6.5351083,14.7623974,-15.9579101
2014-01-01,0.2806315,0.5695835,1.1418437,0.4837219,3.8228049,1.3539553,5.4573102,-15.5116076,0.6363457,-2.688901,12.6756525,1.8193717,1.608966,0.7206504,0.9091862,-1.7137118,-4.6694938,1.1228768,-1.6710879,-3.076979,-17.007982,-1.0801946
2014-02-01,0.5900511,-0.406198,-0.1182726,-9.0971399,0.2739596,-1.2491315,-6.8035624,22.0934792,-0.9652606,-1.6907121,-3.3062491,-1.4370744,-0.7137854,0.3632374,0.1206446,-3.0857996,-0.8542372,-4.594141,-1.3957786,-1.4437734,-1.8207618,19.6512655
2014-03-01,0.1173027,1.3279337,0.9173131,0.8877754,-0.7230024,-0.1837828,-8.6099123,-6.7097639,-0.6179101,-1.3657768,2.1008894,-0.5722969,2.0976401,-0.0785609,-0.672443,2.6139604,0.233872,-1.3196456,4.0669565,-5.4202128,13.894544,-15.4546525
2014-04-01,0.3443963,-5.4330632,-0.0112335,5.0819503,1.4445681,0.0266262,56.358599,13.8461631,1.2916578,24.7440993,3.4771276,0.6699494,0.4592975,1.1507278,0.2429211,-2.4353905,-0.5773924,0.2982794,0.109156,-5.7747083,-3.2476851,6.8619418
2014-05-01,0.3637652,0.8150841,1.2431754,-0.873511,-0.8433212,2.6174364,-63.0954753,-20.3213399,-0.5960913,-30.2336837,5.7007915,0.2527692,-0.0306241,-0.8695002,1.3918026,6.8238585,2.2563871,4.4749084,-0.7467324,2.7549491,-14.5036724,7.9803697
2014-06-01,0.280792,2.8702754,-0.9173049,-8.1437133,-0.35852,-1.6941342,15.2287342,-12.172221,0.1067047,13.4766852,-5.8194449,0.0178143,-0.3935616,-0.0230497,0.9625318,-8.6872565,-0.1962171,-2.4148853,5.7129792,-1.4323862,5.062407,-5.8966475
2014-07-01,0.0590749,-0.470329,1.141819,19.5106534,0.3284851,2.1169004,24.7433404,23.8921628,-1.9007081,-4.258768,-8.9611323,-0.2585334,-1.0725429,0.1518349,-2.4011564,2.1963854,-0.9394585,-0.2470581,-6.0950753,-0.1126382,18.0494341,-41.4367913
2014-08-01,-0.1563173,2.8276789,-1.0239365,-25.2096061,0.9112793,-0.3365707,-17.1163846,0.3838565,2.438051,-20.1038002,11.9706478,0.3782382,3.0531385,-0.238413,2.001439,-3.2541651,0.7928429,0.9371626,0.74088,4.2965918,-11.0613145,49.7592238
2014-09-01,0.6198417,1.3683007,-1.213299,26.9177773,1.8190095,0.3961057,20.3671788,4.2227632,0.0675315,34.8339628,-6.7779336,-0.3435241,-0.3433513,0.2054846,-2.8611706,10.1043098,1.3285006,-1.8596853,0.5979149,-6.3107047,8.8958848,-18.9041323
2014-10-01,0.4123472,-2.8521772,0.1225041,-27.0373337,-0.9978441,-0.5993665,8.5606389,-7.6483665,0.8106338,-13.137234,2.9047009,0.3761009,-4.2790058,0.0128038,0.3967907,-7.1471211,0.3265015,-0.8723516,-4.1161266,-1.023491,-9.3300803,-14.1754474
2014-11-01,-0.0709675,-0.3119023,0.3223882,19.8260718,-0.1019115,-0.5973275,-13.8856955,-12.0538482,-0.6967082,-2.3781234,2.384235,0.4830119,3.0148755,0.1311929,5.1979834,-2.9708636,-0.7117728,1.6598711,2.6060892,0.4717452,-11.8938483,33.3859768
2014-12-01,0.1902856,-1.1451942,-0.5775935,-5.2854753,1.1977533,-0.0574435,9.0989328,16.740639,-1.1805674,-0.3865723,9.6553244,0.0213281,-1.0717729,-0.4648211,-1.1153697,-3.0121304,1.2395531,-2.4990302,2.8443018,-1.1589528,7.1389578,-31.4028371
2015-01-01,-0.3601423,0.4153023,0.2574651,-25.274925,1.0546525,0.2625957,-4.0432244,0.964505,1.2030236,-1.6026625,-15.6458257,-0.00363,0.5109605,-1.139703,0.5595302,1.0967132,-1.3978477,-0.2425859,-6.3633532,-3.3982368,-6.5028258,17.4508848
2015-02-01,-0.0648095,1.234333,1.6302174,2.7177173,-0.5789882,-0.0626435,-46.7452024,0.3018396,1.3999283,20.0216786,1.1100637,0.5577444,-0.5993719,1.6363062,-3.0474043,2.2882194,-0.1625745,2.99245,0.6695326,-0.2978105,10.4949389,14.8725191
2015-03-01,-0.0897463,1.0286255,-1.2278878,48.3055667,-1.1959475,-0.1632959,44.5237537,-12.786665,0.0321638,-22.3522438,-2.7659325,1.4101921,-1.0161097,0.3846383,0.8747938,0.8536371,2.4607559,-0.3825776,-0.2333622,1.425598,-17.7087433,-40.0864604
2015-04-01,-0.0838176,-0.8688841,5.2942225,-25.2775301,1.8782039,0.5727051,-25.6822608,-4.2582402,-2.4325222,-3.4477061,-4.6594912,-1.5099556,0.4129528,-1.5868823,-0.4845577,-1.3251002,-2.6156566,-0.3139377,2.756866,1.0450572,27.2655988,15.0395237
2015-05-01,-0.1983337,1.0773902,-3.1670156,1.9895491,-1.3318099,-0.3678211,13.1178483,9.4739704,-0.0631454,12.8285836,7.7889132,1.2531881,1.9968429,-0.0428613,-0.116748,-1.0074086,1.5295454,0.0366767,-5.4339525,-0.769183,-20.3744788,31.519238
2015-06-01,0.3778411,-0.2449744,1.7455532,2.7894296,-1.1346424,0.9829323,14.1101534,-6.1583649,0.0556624,10.663703,-19.2523652,-1.1533441,-1.0414034,-0.2126775,-0.0880918,-1.1845238,2.4356254,-0.888128,3.3729875,-0.5313155,0.7602014,-6.7910763
2015-07-01,0.3925907,-4.53185,-1.5742316,-11.003184,4.8210323,-1.7640435,-1.7000798,-9.1848899,0.7447547,-23.2730231,18.3529271,-0.1319279,-1.2900399,0.1685734,2.2004835,-0.3248727,-2.9349077,-0.7559372,1.1446705,-0.0341406,-28.0864006,1.0051565
2015-08-01,0.2195689,3.560721,-3.3246407,6.0968926,2.4139711,1.1599112,-2.4497011,17.9467185,-0.6222377,49.0464196,6.638268,0.1309732,0.8719043,0.1848701,-0.7354196,-0.5556104,-5.0403812,0.8752648,-0.7826477,-0.0788019,33.8166445,-21.3612146
2015-09-01,-0.447532,-2.3108055,5.0181903,0.3335427,-5.0167548,-0.8952634,-20.2618197,-1.6352534,0.7035377,-28.4667815,-30.6361224,-3.0342225,-0.6072666,-0.6872168,-0.2574528,0.5161332,2.5211683,-1.3476152,-2.4458283,-0.9753479,-22.7355514,6.3489193
2015-10-01,0.0610204,2.1885548,-4.0359108,-7.8020322,-1.5393013,-0.4658992,8.4662346,1.805693,-0.840098,-2.6085482,18.1993713,1.5740879,1.0607837,-1.0750129,-0.0912005,-0.6834725,1.6353239,-1.3719241,2.7346554,-0.0171343,20.8331857,-2.4310803
2015-11-01,0.2315494,0.1998788,0.1775994,7.8504891,-0.5884922,0.1100596,8.3830987,7.7739783,1.8911545,-13.4303835,8.8640804,0.8625341,0.9049858,0.2734536,-2.2368987,1.1910975,0.6270607,0.2322946,-0.0108459,-2.5536761,-6.0959525,3.4409268
2015-12-01,0.1801736,-3.2115455,1.3532462,-15.4814375,-0.0842364,0.1628998,-3.7440734,-14.472249,-1.0578998,6.8005625,-0.8751089,0.2190517,0.7654911,-0.1484905,7.0240167,0.4744226,-0.122817,-0.6123433,0.297084,-0.2585598,13.0206315,4.6742686
2016-01-01,0.5338494,0.4182509,-4.3162025,10.1305104,0.8592115,-0.3716996,4.6644528,0.2350423,-0.4910892,23.338018,-1.7978582,0.1906323,0.7854698,-1.0178186,-6.5837417,-1.5159603,-0.384149,-0.8673855,0.8848659,-0.3222583,-7.4087771,7.5395552
2016-02-01,-0.2429846,3.0059925,6.95131,-4.650949,-0.8256636,-0.0830266,7.4095216,-0.4569814,-1.7344135,-24.1727979,2.6894868,-0.8598615,0.9065456,-0.5355553,-0.5156915,1.056604,2.0278265,-0.5048555,1.0671385,0.493201,15.4991143,0.4849067
2016-03-01,-0.3415126,-5.7626291,-1.9423209,24.0609039,-0.526552,0.3033784,-9.8964521,-7.5906657,-1.4409738,11.1211109,4.2602986,0.8458701,0.0946999,0.3838192,-1.0936381,12.2737763,-2.6718557,2.283898,-3.2498738,4.4893616,-10.2975841,-9.975509
2016-04-01,0.1675978,1.9727029,-2.2725469,-18.932639,1.295784,0.2764887,-28.744918,-0.6700558,3.1839238,-15.7249173,-11.3584403,0.2787451,-0.5030102,1.6817685,1.0617663,-13.6623938,3.9691036,-0.4127498,-1.9724624,-1.8008494,-3.2481819,4.6896293
2016-05-01,-0.7620255,1.4987312,-2.1679686,6.2308747,-1.5787997,-0.5358079,31.5563296,23.7832328,1.6679259,1.5813917,-3.2821066,1.6395533,0.2969026,-1.4327866,-0.6271013,-1.2204108,-2.4613944,-3.056916,-0.8328155,1.267251,-11.0844163,-1.5427208
2016-06-01,0.4776649,-3.6233208,1.1914545,-21.958893,2.5243162,-0.7601444,-8.6532457,-20.5923461,1.8461455,14.2573124,8.4773458,-1.8270865,0.5770888,-0.1072895,-2.2455049,2.2716576,0.1018386,0.1122324,0.255527,1.7678342,25.1798554,0.5810426
2016-07-01,0.7133884,2.3875394,0.0634652,-5.7411497,-2.8875146,0.556665,-18.2706049,-0.5810966,-2.4376075,0.3373236,-7.0651753,0.2261183,-0.8459721,-1.0850633,-1.5546704,-0.9407807,-2.2831311,0.3758311,-0.2286895,-0.1384844,-5.5235043,-4.6021649
2016-08-01,0.1774054,-1.1220939,4.8479388,26.2141646,-1.5594617,-0.8611535,10.5163121,-12.6292863,-5.1835872,-29.6216744,-0.1653371,-0.891267,-4.0211432,0.2487131,0.7719809,1.3088997,2.8142966,-1.8507879,0.0843082,-1.4314441,-20.0577928,-18.4996747
2016-09-01,0.4297368,0.7060889,-4.7232256,-14.5838501,0.5558583,0.4990427,-5.0355039,-10.0430202,5.2699666,33.4102293,-14.4808494,2.1947316,2.2583995,-0.0180161,4.662155,-0.4620485,2.2373338,2.6328987,-0.0177253,-1.8265499,11.6375833,6.037304
2016-10-01,0.008,0.6861426,2.0347784,9.7048551,0.4011383,-0.6935965,13.3019968,45.6143727,3.6250909,-8.4060829,10.8463721,-0.4859342,0.1403846,0.6352633,-3.6390149,0.5865109,-2.5357754,0.6706865,1.0160729,-0.2895352,-1.3667305,13.4677175
2016-11-01,0.4279714,-1.461028,4.7833955,4.7926604,1.9501584,0.9457384,-14.2730575,-18.9814678,-3.5561898,16.3923384,8.9031323,-0.1036486,0.4513503,0.0116983,5.3359952,0.0171691,-1.2620053,-1.2011663,0.7588704,1.2335868,22.8927778,-9.0552606
2016-12-01,0.2225108,3.8451916,-4.0877129,-19.0245334,-2.4072413,0.0846219,6.882738,-0.2521894,1.1209377,-21.6043841,4.3892394,-0.1341035,-1.345813,1.1632659,5.6580974,2.7506959,3.2713176,2.3157231,3.3414413,0.3588165,-17.4085434,26.7535452
2017-01-01,0.5805781,-0.0524931,4.0263913,1.1476693,-1.7634653,-2.3343509,11.0139877,-40.9937156,-1.4767504,3.2623068,-8.364439,0.5183146,-0.5447126,-0.34964,-3.2454013,-2.7897733,-3.1456391,-5.524919,-1.890938,-1.0345934,7.4207334,-16.90189
2017-02-01,0.1959055,-1.5318573,-6.2641138,17.7284925,-0.2246188,2.2749218,-5.864668,47.4608289,0.5247154,-5.7063873,0.5326301,0.3076124,2.575974,0.5443619,-0.8970788,-1.3355229,1.8870712,2.2861753,1.7026055,3.7503436,-13.7740865,1.0787671
2017-03-01,0.4181002,4.9513698,4.6787364,-17.4047654,-0.5267125,0.0372467,10.0236402,1.1935059,-2.5814044,7.9124839,3.8521367,-0.3199782,-0.2619324,-1.3973471,-1.135493,-2.20405,-1.1650027,2.7019452,-1.8468226,1.803562,14.1560122,12.918558
2017-04-01,0.5276876,-5.6794821,-3.3124887,19.3338959,0.1252506,-1.1363117,-9.0420824,9.9729295,2.2082146,-18.8645133,-3.3320665,1.247639,0.9918386,-0.5365498,-0.4592535,1.9737978,1.8824276,-3.322612,-0.5271233,-1.9837403,-19.3067625,-12.6814878
2017-05-01,0.3675369,0.5237002,2.1928675,-3.8848792,2.8171471,7.7191519,-1.88588,5.7306487,-2.0197815,11.5237413,-0.7185641,-0.7678995,-2.217216,0.3487058,-3.0894925,-0.2568001,-2.1486804,2.2033249,1.4808032,0.3178649,14.2142466,-9.7396048
2017-06-01,0.2311777,1.295007,0.4431167,5.8528473,-2.1413223,-7.5109628,-2.7541836,-24.2185086,1.6541379,-17.8480167,-8.9225192,0.9893715,0.98016,-0.103677,-0.2547225,-0.266188,1.9299295,-0.7265616,0.2002255,13.3427093,-47.5447776,7.3515411
2017-07-01,0.1324458,-1.6618243,-0.4763925,2.5636022,0.243688,-0.0685847,4.5632605,-1.2101004,-1.8269837,10.3824503,6.2562953,0.0654503,2.3255918,1.3146801,0.9718787,0.9016267,3.7307355,0.1160413,-1.6909909,-4.2623772,33.837629,-12.1340875
2017-08-01,-0.1318687,0.00769,3.0210802,-12.352685,-0.4623151,-1.6269263,1.5728343,2.8719209,0.8738992,14.8264986,-0.0670897,0.470969,-3.6583411,-1.1568004,1.3378044,1.0945088,-4.0770099,-1.9402424,-3.2502356,1.6366446,18.9228578,3.3881764
2017-09-01,0.2236284,0.9314715,9.1212622,8.5412619,0.9665347,0.2343171,15.7996316,7.4715494,-0.0878993,-1.3732083,5.3374698,-0.9052238,0.092815,0.3547406,-0.0947715,-0.306465,4.0287447,2.788313,2.1523491,-2.554688,-33.9053869,26.0600422
2017-10-01,0.1338224,0.1099153,-2.9718146,4.8252201,0.1072505,2.0433973,-30.122056,-10.3888695,-2.1517503,-1.4254665,-2.8243316,-0.2466997,2.0150745,-0.3321974,-4.5359344,-0.5788333,-0.2808671,-0.5990205,1.7619163,2.0601233,16.6380144,-33.9058927
2017-11-01,0.4992827,1.1050012,-7.258363,-21.1602749,6.6508205,-1.0612768,13.9099211,-11.097831,-0.1730271,-4.1242026,5.3217024,-0.3614984,-1.6002313,0.2034645,5.0154783,0.0329251,0.7372602,-2.2057633,-1.2411414,3.3008099,-9.7186738,-4.6639264
2017-12-01,0.2710201,1.0975074,-1.4867578,-14.5050068,15.8809124,-1.1850564,-14.1833357,16.3566075,0.5443236,4.5295563,-7.5882703,-0.0237347,0.4515332,-0.3887847,-1.7068151,-0.0181801,0.6951375,1.4355517,-2.0374842,22.1099298,-15.6512149,36.2298071
2018-01-01,-0.0420828,-3.9466678,-0.878737,38.3854482,-3.1233691,0.6040256,-8.0731411,-2.0625994,0.25543,-10.6879115,-7.3155011,0.2068639,0.8179203,-0.1645416,-0.3751411,2.0908679,-1.8017349,0.0341252,4.3149692,-7.4255625,17.0848537,-18.887474
2018-02-01,0.514569,3.9217071,1.1789386,-6.7430602,-16.3393225,0.2943762,6.0795351,-25.3506149,-0.7598759,35.9888644,13.4566475,0.3039859,-1.7379406,-0.0673554,1.7346145,-2.3908579,2.6756811,-0.9829009,-3.8823043,-12.5232399,-14.8375144,-12.8746622
2018-03-01,0.297025,-5.4886525,-2.3115891,-0.6686824,0.447499,0.0897732,4.9520153,23.2948872,0.5397382,-31.9888326,1.8862182,-0.2275719,1.4636617,-0.0445018,3.3374648,4.3676969,-0.0841434,-0.0916331,4.384472,-7.1997442,27.7769458,18.1166477
2018-04-01,0.0447788,3.4582059,1.4808346,-1.2860035,-2.6712652,-0.7218124,13.2772714,-2.3175911,-1.9695054,16.2395449,-3.0469043,-0.9897654,-3.0290831,0.5853491,-4.0996508,-1.4869617,0.2810166,2.7741994,-0.5008679,-4.0262732,-6.2021623,1.5011971
2018-05-01,0.5426968,-2.1399225,-1.0260649,-30.5923655,-2.7560305,0.591969,-10.0899272,-2.9458877,0.6231355,-14.487498,6.8045595,3.0497024,3.4424138,0.0705467,-1.9049588,1.7434191,-1.4712499,0.052617,-0.5392977,0.0910563,0.4650769,-9.7570713
2018-06-01,0.1161108,0.6106289,0.4492205,22.3146205,-0.2251063,0.4117314,20.7143607,8.6381283,-0.3275046,-8.8915,-11.0021992,0.2214671,-0.7937291,-1.5300582,2.9216757,8.3915168,1.5743765,-5.1234127,-0.9182076,-1.5165391,25.7527753,2.0498425
2018-07-01,0.3167514,1.6545894,1.0008235,-8.9796839,-2.1650475,-0.2873056,-8.7162681,-3.151454,2.2787326,10.9155604,4.2716847,-1.1010726,1.9648049,0.3182494,0.6814174,-9.598189,-2.2347494,3.4184071,2.2419819,-1.300325,-20.7808619,17.9451142
2018-08-01,0.2063738,1.0521626,-1.9188909,22.5277164,2.7911209,0.6287223,-7.9614313,-3.1619148,-1.0579498,-14.8100005,-8.4304932,-0.8189523,-0.8984473,0.23319,-2.5358512,-0.1217678,-0.4433797,0.000697,0.7995799,-0.424818,-1.0846447,-5.3339805
2018-09-01,0.0108821,-0.8760489,-2.091721,-13.4998033,2.4373973,1.3341506,2.2498222,-4.8792853,-0.070383,-7.0452271,-0.6016604,-0.5387039,0.2139302,-0.6105374,-1.7182962,7.0556865,-1.0439621,-1.2016069,-6.1888234,1.3562379,14.6685112,-11.2206387
2018-10-01,0.3624493,-2.0963664,-3.004138,7.4272133,-1.3050653,-1.3266319,2.5769722,1.1400853,0.4072526,21.9375365,-0.0689013,-0.1085721,-2.0044844,-0.0805128,2.9125452,-4.4377885,0.9608028,-0.7179018,4.61213,-1.6759374,1.3606286,15.6555289
2018-11-01,-0.2396755,-0.1317484,1.8660082,-4.1839835,-6.5913937,-0.2126806,2.6295002,14.4062891,0.3672337,2.850504,0.9961604,0.1198592,1.8595709,-0.1847914,0.7458937,-4.2308901,-1.7581499,1.698118,-3.3973121,-3.1932217,2.2461066,-3.4737575
2018-12-01,-0.0507987,0.1965273,2.067748,3.434396,0.1707094,1.1642084,22.8924395,-18.2800762,-1.0364848,-5.9276112,0.8232892,-0.1587425,1.3431274,-0.8015462,-4.9415927,1.113583,-0.3869442,-1.8205543,2.1149693,0.1091473,-26.0756732,-27.3080785
2019-01-01,-0.027747,2.1969075,0.3297803,-2.7358628,0.6226004,-2.693816,-35.3254832,16.9045478,-3.3258594,-1.6974777,12.0911187,0.3882341,-2.0543622,0.2320287,0.7699706,0.7662195,1.9757859,2.7447875,-2.3611988,0.7296577,5.3893908,4.2018854
2019-02-01,-0.2572036,-1.6749209,0.0269904,-14.87207,-2.1580979,1.0832275,18.1716148,-12.7313101,6.0666565,-10.8161724,-21.4394794,0.1046292,0.073878,0.5151206,-0.3547049,0.1792756,-1.4816894,0.5903378,1.4092825,-2.8068898,-0.993718,5.3470227
2019-03-01,0.8168522,3.8763942,-2.0713323,-5.1153966,0.9807539,1.4044656,-21.2319403,17.1383887,-3.9463618,-2.880903,1.2364631,0.5930586,0.1433329,1.9545694,0.2165715,-0.389534,0.9012419,-2.3318858,-4.1605805,-0.2706275,-22.1966403,-12.0670687
2019-04-01,0.5576397,1.7961506,9.9745166,8.5159463,0.5869309,1.2642299,1.2651771,-5.9384241,1.171596,9.0384956,8.6334493,-0.3641393,-1.4845056,1.5185841,-1.5257819,2.5676949,-1.0503537,-0.9678769,4.1825641,-0.0861347,22.2700687,16.5493262
2019-05-01,0.2295297,-1.88377,-8.1278586,8.6989478,2.7997972,-0.9449116,4.6120975,-10.7852127,-1.5566268,18.3782862,-5.3102328,-1.5532906,1.057991,-2.6089532,3.5282801,-3.7435763,0.6373992,-0.6083196,2.6590363,-2.8238101,7.0753251,-20.2173843
2019-06-01,0.2381093,-1.4725679,-0.6191356,5.8306041,-1.7621316,-1.1698871,2.0285875,2.5214833,-0.6067045,-19.4673865,8.3580836,1.6615848,0.1141877,1.6074441,-0.6282294,0.8626104,-3.9337105,2.0453147,-3.3326981,2.2747837,-24.394837,45.596528
2019-07-01,-0.1010546,0.7854534,-0.4911436,-11.7503017,0.9121379,0.4968387,-4.3809942,3.591618,-0.0690392,5.5264895,-3.3097676,-0.2780033,1.1934368,-1.9432535,-2.286464,-1.8125386,2.4599441,-1.711212,-1.9261574,1.7273543,17.9324836,-36.6446546
2019-08-01,-0.0652718,-1.8600713,3.791472,-32.1421508,2.7959206,0.0526341,27.6970455,-10.5395238,0.6782948,5.457127,9.7013246,0.8908089,3.158627,1.0135526,2.2734907,0.0777287,0.6978052,1.0733185,1.6144129,0.5300986,-6.4883254,-11.9972352
2019-09-01,0.0456897,0.3105933,2.3613384,19.741319,-1.9035557,0.1276921,-17.5106685,15.5507701,-0.4288334,-8.7601242,-1.2234998,1.2211418,2.256619,0.4922308,0.1118298,0.0178705,-0.4710041,-2.4165762,5.9619797,-0.752181,24.0366638,23.9659151
2019-10-01,0.1828003,3.644907,1.327878,16.7391582,0.8008822,-0.2798033,0.9955143,0.2887907,0.9251076,-5.6887934,1.9420044,1.2631558,-1.6303101,0.6461035,1.3746567,1.4397604,0.955468,3.2307617,-7.3038189,-0.7211792,-51.7697528,-7.2929909
2019-11-01,-0.0297017,-0.6171268,-2.6754539,3.975933,0.3103609,-0.1318405,-11.8303166,-11.5287893,-0.2441121,-4.7797266,-13.6102955,-0.1823014,-1.8182621,-1.1656623,-4.0939375,5.5676056,-1.6432956,-2.671733,1.1532376,-1.0871881,33.7461516,-0.2121254
2019-12-01,0.2053313,-0.0536996,3.0877735,3.6448013,-1.0187056,0.9452119,15.1570615,10.4541134,0.4067862,-9.4904797,11.2486464,1.9136808,0.2033287,1.5676967,0.2828169,-3.0852555,0.1463958,-1.5210073,-1.8386279,-0.4667224,16.6620675,-7.8950074
