date,GDP,Finance_lag2,Food.Production,Consumption,farm,construction_lag2,Agriculture,Ford_lag1,energy.sector,Finance,Construction_lag1,Electricity_lag1,Finance_lag1,Food.Service_lag1,Audi,Administrative.support_lag2,consumption_lag2,Audi_lag2,Electricity,Expenditure_lag2,Automotive.Industry_lag2,business.sector_lag1,Ford,Food.Production_lag2,business.sector
2004-05-01,0.3124285,2.5632464,-0.0786704,0.126161,-2.805654,0.7982554,-0.0968622,0.00563,-7.7257446,7.0771135,-0.0203961,-0.0362457,-8.577706,-0.108199,0.0243686,-0.4904478,-10.6304444,0.0197159,-0.0224068,0.4953862,0.000282,-50.8003254,0.0212937,-0.1363379,28.1173914
2004-06-01,0.4530947,-8.577706,-0.3013431,0.0442484,-1.0933018,-2.0529519,0.0384627,0.0212937,30.671117,-1.8067295,0.00468,-0.0224068,7.0771135,0.0476214,-0.0282455,0.7638319,-0.9119279,-0.0660229,-0.0281537,-0.2372744,0.219264,28.1173914,0.0095,-0.1107496,7.6094697
2004-07-01,0.0697766,7.0771135,0.3306714,-0.0582235,0.3264943,0.0908262,0.0449398,0.0095,-0.7686106,5.9062332,-0.0123935,-0.0281537,-1.8067295,-0.2040592,0.0104463,-0.8310897,13.1979015,0.0243686,-0.0272018,0.19159,-0.0972608,7.6094697,-0.0053,-0.0786704,-2.0846321
2004-08-01,0.4559199,-1.8067295,-0.1637041,-0.087821,6.2216221,-0.774875,-0.097244,-0.0053,24.3689825,-4.2181009,0.00212,-0.0272018,5.9062332,0.2357228,0.00554,0.5139138,3.7485814,-0.0282455,-0.0346349,-0.2067693,0.00926,-2.0846321,-0.0470285,-0.3013431,-11.2245966
2004-09-01,0.2772887,5.9062332,0.4635389,0.0839259,-6.0450194,-0.6047084,-0.0555983,-0.0470285,-46.8204274,-1.4289002,0.0173213,-0.0346349,-4.2181009,0.0297961,0.0452354,-0.6706342,-5.6122434,0.0104463,-0.0134277,0.041564,0.0228031,-11.2245966,0.0675449,0.3306714,9.5421934
2004-10-01,0.1206547,-4.2181009,-0.3558079,0.00704,0.9696826,2.7372773,0.0994078,0.0675449,-4.3355346,1.0861056,0.00373,-0.0134277,-1.4289002,-0.00842,-0.021736,-0.0439776,-8.3007661,0.00554,0.0488061,0.00281,-0.2728574,9.5421934,-0.0164953,-0.1637041,-10.4476365
2004-11-01,0.1471446,-1.4289002,-0.2272077,-0.0160462,0.7453777,0.5114266,-0.0519564,-0.0164953,19.3044168,-6.5361528,-0.00233,0.0488061,1.0861056,-0.00994,0.0159716,0.541994,9.5280583,0.0452354,0.0546519,0.3300694,0.3509247,-10.4476365,0.0151112,0.4635389,-0.981179
2004-12-01,0.0511358,1.0861056,0.4930026,0.00413,-0.0198308,-0.2054021,0.00981,0.0151112,-18.9349794,5.326318,-0.0145894,0.0546519,-6.5361528,-0.1753966,0.0186475,-0.0638259,-0.7855477,-0.021736,-0.104155,-0.468741,-0.1457458,-0.981179,-0.0130062,-0.3558079,-13.9918527
2005-01-01,0.4109102,-6.5361528,-0.6670279,-0.0252277,-0.9058889,-1.3344745,0.00469,-0.0130062,19.8459691,-1.2936523,0.0155737,-0.104155,5.326318,0.1572278,-0.0164851,0.0752262,-1.5048516,0.0159716,0.0158535,0.1983937,-0.25476,-13.9918527,-0.0151265,-0.2272077,24.361443
2005-02-01,0.1127476,5.326318,0.3721582,-0.0214288,-0.0554801,2.4782537,-0.0360537,-0.0151265,7.6533686,2.7772106,0.0156979,0.0158535,-1.2936523,-0.0786294,0.00851,-0.0855415,1.0944119,0.0186475,0.0148212,0.131744,0.0590998,24.361443,-0.0333236,0.4930026,-24.1171213
2005-03-01,-0.3400754,-1.2936523,-0.1023234,0.0380902,0.5911673,0.1825034,0.1008984,-0.0333236,-17.514394,-7.4196531,-0.041281,0.0148212,2.7772106,0.0946808,-0.0534305,0.0548538,-2.7684786,-0.0164851,0.00564,-0.2301914,0.2074885,-24.1171213,-0.00463,-0.6670279,28.1614504
2005-04-01,0.7390932,2.7772106,0.052851,-0.00833,0.7277484,-4.7292664,-0.0663466,-0.00463,8.2444418,1.2100598,-0.0370327,0.00564,-7.4196531,-0.0386388,0.0680412,-0.1971656,-2.6930041,0.00851,-0.00346,0.24249,-0.105921,28.1614504,0.0342607,0.3721582,-10.1337708
2005-05-01,0.4517805,-7.4196531,0.0972718,-0.0386531,-0.6335306,-1.7889983,-0.0267751,0.0342607,18.7662268,2.504886,0.0277036,-0.00346,1.2100598,0.0172347,-0.0564339,0.112045,3.7420709,-0.0534305,0.0240712,-0.3370297,0.0837026,-10.1337708,-0.0329143,-0.1023234,-34.3794665
2005-06-01,0.3257969,1.2100598,0.0807593,-0.00304,1.2809744,0.5387089,-0.0215832,-0.0329143,-68.9831084,0.399306,0.0082,0.0240712,2.504886,-0.0179552,0.0777091,-0.1552502,-1.008714,0.0680412,0.0211316,0.3045382,-0.2056853,-34.3794665,-0.00691,0.052851,5.3028548
2005-07-01,0.186259,2.504886,-0.2669269,-0.00922,0.9844674,1.2581042,-0.0287635,-0.00691,68.546357,-2.1667743,-0.0464771,0.0211316,0.399306,0.0142794,-0.0105766,0.0926113,-3.997538,-0.0564339,-0.0167163,0.0844138,-0.0226432,5.3028548,0.0398312,0.0972718,-4.3020739
2005-08-01,0.6416211,0.399306,0.2863227,0.1047903,-3.3480795,-4.2416223,-0.00306,0.0398312,-2.9155294,0.7394942,0.0753656,-0.0167163,-2.1667743,-0.0130507,-0.0240037,-0.00678,-0.3244789,0.0777091,-0.00694,-0.0819353,0.1726619,-4.3020739,-0.0348564,0.0807593,14.5373662
2005-09-01,0.0157126,-2.1667743,0.2388429,0.0201688,-1.477066,7.38643,0.028423,-0.0348564,1.0819428,3.3369587,-0.0374643,-0.00694,0.7394942,-0.0211862,0.00112,0.0749511,-0.8101042,-0.0105766,-0.0138117,-0.0194717,-0.0545512,14.5373662,-0.0189474,-0.2669269,-8.1250264
2005-10-01,0.225179,0.7394942,-0.3978973,-0.1164418,-1.3268788,-3.3543378,-0.0397213,-0.0189474,5.7222658,-0.3660877,-0.0356747,-0.0138117,3.3369587,-0.0186973,-0.0121614,0.0496103,11.1995115,-0.0240037,-0.0153935,-0.1132506,0.2105935,-8.1250264,-0.00492,0.2863227,2.3235557
2005-11-01,0.621126,3.3369587,-0.1242285,0.0790011,1.0917566,-3.8722178,-0.0016,-0.00492,-27.3111632,-5.3355129,0.0199868,-0.0153935,-0.3660877,-0.024541,0.0146763,-0.1438724,3.1130976,0.00112,-0.0592331,-0.1843054,-0.1216924,2.3235557,-0.0209038,0.2388429,-2.1173
2005-12-01,0.3640382,-0.3660877,-0.0776931,-0.1078096,-0.9732412,2.4115639,0.0044,-0.0209038,-12.8328424,2.3308983,0.0154519,-0.0592331,-5.3355129,0.0259641,-0.00474,-0.0895349,-12.9411456,-0.0121614,0.1356707,0.1982356,-0.2591381,-2.1173,-0.00631,-0.3978973,5.9748718
2006-01-01,0.2359288,-5.3355129,0.2008929,0.1047342,8.3481816,1.6807261,-0.036263,-0.00631,20.6320714,1.0356783,0.0274271,0.1356707,2.3308983,-0.0189667,0.0228284,-0.0121192,7.8294441,0.0146763,-0.0357244,0.0371564,0.2108369,5.9748718,0.0420168,-0.1242285,10.8892728
2006-02-01,0.2686728,2.3308983,-0.2577764,-0.00233,-6.1088421,2.9708105,0.0244341,0.0420168,-42.3588803,2.0776006,-0.0414052,-0.0357244,1.0356783,0.0653982,-0.0398883,0.3175339,-10.6623611,-0.00474,-0.00829,-0.0935104,-0.0216542,10.8892728,0.0288544,-0.0776931,4.7068746
2006-03-01,0.307841,1.0356783,0.2158647,-0.00665,0.0873118,-5.2540217,-0.0172183,0.0288544,29.0478562,6.7807947,0.00842,-0.00829,2.0776006,-0.1678824,0.0268756,-0.2153435,10.2233104,0.0228284,0.00576,0.0245441,-0.0103787,4.7068746,-0.019692,0.2008929,-49.2258146
2006-04-01,-0.0532719,2.0776006,0.2369432,0.00045,-0.566191,0.7634788,-0.0126085,-0.019692,-9.5840934,3.5776415,-0.00865,0.00576,6.7807947,0.1547892,-0.00417,0.0204073,-0.2791748,-0.0398883,-0.0198577,-0.0138619,-0.1168858,-49.2258146,-0.023192,-0.2577764,32.7685316
2006-05-01,0.0619164,6.7807947,-0.2486092,0.0444244,2.8302205,-0.0308494,0.0126421,-0.023192,-9.3592732,-4.9181082,0.0106827,-0.0198577,3.5776415,-0.0419313,-0.0326041,0.2053724,-0.7170274,0.0268756,0.00157,-0.0471668,-0.0165658,32.7685316,0.0118682,0.2158647,-12.1611836
2006-06-01,-0.1604559,3.5776415,-0.0513255,-0.046059,-3.6485458,0.8773716,-0.00215,0.0118682,7.3552333,-0.3782926,-0.0281924,0.00157,-4.9181082,-0.0398576,-0.0497032,-0.3195313,-0.0662265,-0.00417,-0.0519109,0.1942604,0.1309701,-12.1611836,-0.00907,0.2369432,6.4215032
2006-07-01,0.1004966,-4.9181082,-0.0351944,0.0396417,0.4817273,-2.8194577,0.00623,-0.00907,-24.2355657,0.00261,0.0230543,-0.0519109,-0.3782926,-0.0168593,0.1063834,0.1011776,4.6200543,-0.0326041,0.0155492,-0.272897,-0.000525,6.4215032,0.0125202,-0.2486092,-7.1192459
2006-08-01,0.022915,-0.3782926,0.3302132,-0.0340509,0.3554281,2.2427896,0.00651,0.0125202,12.3092624,-0.8095409,-0.0163136,0.0155492,0.00261,0.038293,-0.0213361,0.0321627,-5.0490758,-0.0497032,-0.00675,0.0755145,-0.3566115,-7.1192459,0.00689,-0.0513255,-0.5229837
2006-09-01,-0.2427363,0.00261,-0.4202989,-0.0777367,0.7928804,-1.8930061,-0.0404688,0.00689,17.1839805,-0.1860486,-0.00535,-0.00675,-0.8095409,-0.0419581,-0.0250477,0.0100155,3.7140719,0.1063834,0.038543,-0.0426156,-0.1271491,-0.5229837,-0.00277,-0.0351944,33.1157846
2006-10-01,0.157236,-0.8095409,0.1430796,0.0890872,-0.8045489,-0.2167882,-0.0182261,-0.00277,-18.3681842,1.3300845,-0.00283,0.038543,-0.1860486,0.00192,0.0464959,0.0226679,-2.2336137,-0.0213361,-0.1207356,0.0116421,0.0138907,33.1157846,0.011535,0.3302132,-42.409209
2006-11-01,0.1995553,-0.1860486,-0.0312768,-0.0477136,0.3774114,-0.4578012,0.0380568,0.011535,11.8762327,5.244464,0.0216354,-0.1207356,1.3300845,-0.00382,-0.0525256,-0.2375706,-6.6828365,-0.0250477,0.0391344,0.2312286,0.0640978,-42.409209,-0.00181,-0.4202989,30.6659066
2006-12-01,0.6985171,1.3300845,0.0659476,0.0365597,2.3030236,2.4511602,-0.079809,-0.00181,17.5282332,0.9351586,-0.00168,0.0391344,5.244464,-0.00183,-0.0000295,0.2004387,7.8059,0.0464959,-0.00836,-0.1603466,0.1342031,30.6659066,-0.00109,0.1430796,-15.1201168
2007-01-01,-0.0203499,5.244464,0.0279602,-0.033863,-2.6173467,-0.092408,0.0062609,-0.00109,-28.0074071,0.4634394,-0.00985,-0.00836,0.9351586,0.080767,0.0128839,-0.0535766,-4.8819718,-0.0525256,-0.0387473,-0.2478486,0.2065505,-15.1201168,-0.0142253,-0.0312768,42.3855182
2007-02-01,0.4630137,0.9351586,-0.0614291,0.0292545,-3.8528204,-1.6427975,0.00454,-0.0142253,19.5818166,2.2654691,0.0126747,-0.0387473,0.4634394,-0.122155,-0.0151237,-0.24025,3.7453119,-0.0000295,0.0126292,-0.0757672,-0.3928386,42.3855182,-0.00387,0.0659476,-35.3861343
2007-03-01,0.1809733,0.4634394,-0.1356139,-0.0122097,2.5498875,1.3091024,-0.0156291,-0.00387,-3.8057567,-1.4037546,-0.0174073,0.0126292,2.2654691,0.0534147,0.0145058,0.4285517,-4.3798473,0.0128839,-0.0458261,0.2197214,0.1464637,-35.3861343,0.0132547,0.0279602,-19.817037
2007-04-01,0.1026094,2.2654691,0.1237026,-0.0231825,-2.0719692,-1.8449293,-0.0259404,0.0132547,-10.8643404,0.2771892,0.000301,-0.0458261,-1.4037546,-0.1489781,-0.0139371,-0.3413947,3.4118353,-0.0151237,0.0323733,-0.1578292,0.0263943,-19.817037,0.00745,-0.0614291,30.550059
2007-05-01,0.4073452,-1.4037546,-0.1337575,0.0214291,2.9006293,0.2674923,0.0650581,0.00745,11.0382406,-0.7404783,0.0018,0.0323733,0.2771892,0.1480479,0.0206704,-0.0608179,-1.1859845,0.0145058,-0.0426949,0.2514919,0.1711433,30.550059,-0.00197,-0.1356139,7.8240883
2007-06-01,0.2560739,0.2771892,0.0876164,-0.000038,0.528181,0.5125553,-0.00828,-0.00197,-31.9173868,3.2179018,0.0163332,-0.0426949,-0.7404783,0.0748453,-0.0248793,0.0696612,-2.4711869,-0.0139371,0.0662783,-0.1938754,-0.3509093,7.8240883,-0.0095,0.1237026,-40.8369178
2007-07-01,-0.0448367,-0.7404783,0.0167276,-0.00256,-1.1027435,1.5370049,-0.0113479,-0.0095,5.1354395,2.3196909,-0.0141023,0.0662783,3.2179018,-0.0575836,-0.00983,0.2028082,2.0483652,0.0206704,-0.0106614,0.0182892,0.1564628,-40.8369178,-0.00453,-0.1337575,24.642701
2007-08-01,0.2658233,3.2179018,-0.1321999,-0.0603262,-0.9279108,-1.3177961,0.0434526,-0.00453,14.7925388,6.2039867,0.00955,-0.0106614,2.3196909,0.00853,0.029022,-0.3086818,-0.2303823,-0.0248793,0.0334648,0.1622472,-0.214937,24.642701,-0.0226287,0.0876164,17.1925171
2007-09-01,-0.1935141,2.3196909,0.0145491,-0.0206632,-0.6554971,1.2502106,-0.0664975,-0.0226287,-14.2234356,-6.0565476,-0.00296,0.0334648,6.2039867,0.0258611,0.0870388,0.1687199,-0.7514501,-0.00983,-0.022377,-0.10488,0.5770296,17.1925171,0.0108164,0.0167276,-45.7829884
2007-10-01,0.0737991,6.2039867,-0.0461491,-0.00404,1.8583859,-0.6640911,-0.02845,0.0108164,44.1166706,1.2722436,0.014089,-0.022377,-6.0565476,-0.0280127,0.0211913,-0.1878696,-4.5049743,0.029022,0.014601,0.0189306,-0.3243995,-45.7829884,0.0271896,-0.1321999,36.6059938
2007-11-01,0.0761484,-6.0565476,0.3395901,-0.00818,0.00215,1.1996982,-0.00559,0.0271896,-37.859084,0.8001474,-0.0160696,0.014601,1.2722436,-0.00201,0.0524698,0.2111275,-0.9862564,0.0870388,-0.0428133,0.0581379,-0.2007929,36.6059938,-0.0177757,0.0145491,10.8492369
2007-12-01,-0.3910375,1.2722436,-0.1290961,0.0203314,1.7257428,-1.3573354,0.056616,-0.0177757,1.977348,-2.1136203,-0.0192137,-0.0428133,0.8001474,0.0604387,-0.037644,-0.0539285,-1.3054127,0.0211913,0.0273065,-0.1403698,0.0399938,10.8492369,-0.00141,-0.0461491,-45.7256149
2008-01-01,0.3319736,0.8001474,-0.1182965,0.00351,-1.226303,-1.6895431,-0.000824,-0.00141,-10.1770173,4.9058234,0.0336898,0.0273065,-2.1136203,-0.0529405,0.000824,-0.0586887,-0.4091953,0.0524698,-0.0101465,0.2150761,0.1366813,-45.7256149,0.00283,0.3395901,5.5470985
2008-02-01,-0.1406484,-2.1136203,0.0960097,-0.0552507,1.119229,3.2691045,-0.00148,0.00283,-2.7995186,-3.7368199,0.0308683,-0.0101465,4.9058234,0.0136231,0.00974,0.021031,1.4003902,-0.037644,-0.00817,-0.117237,-0.00512,5.5470985,0.0129998,-0.1290961,24.8005025
2008-03-01,-0.0524466,4.9058234,0.0381989,-0.0362052,0.5158321,2.5398378,-0.0247436,0.0129998,-13.5425172,-0.6616888,-0.0144296,-0.00817,-3.7368199,0.0297138,-0.0252382,-0.0972556,-0.2254578,0.000824,0.00737,0.0438176,-0.0185639,24.8005025,0.011447,-0.1182965,-45.7652789
2008-04-01,0.3467243,-3.7368199,-0.0371702,0.033439,2.8743101,-1.4843258,0.0112099,0.011447,17.5719837,2.7040059,-0.0141514,0.00737,-0.6616888,-0.0117912,-0.00922,0.2470481,-5.5891546,0.00974,0.0106835,-0.046793,0.0224932,-45.7652789,-0.00736,0.0960097,6.5342035
2008-05-01,0.0797719,-0.6616888,0.0680235,-0.015518,-1.8113777,-0.3910635,-0.0517136,-0.00736,-10.0319069,0.3103496,0.0179091,0.0106835,2.7040059,0.00381,0.0327577,-0.3481263,-3.8499686,-0.0252382,-0.00221,-0.0462326,-0.0636075,6.5342035,0.0276207,0.0381989,51.6889665
2008-06-01,0.33636,2.7040059,-0.0402042,0.00293,0.1505711,0.542326,-0.0105937,0.0276207,44.5444245,1.0592678,-0.00365,-0.00221,0.3103496,0.043379,-0.0151995,0.1648491,3.6447697,-0.00922,-0.00118,0.1259844,0.1022806,51.6889665,-0.0383322,-0.0371702,-10.2004998
2008-07-01,0.5842143,0.3103496,0.1960394,-0.00879,-0.2873326,0.3757782,0.0159189,-0.0383322,-16.6086894,3.0680172,-0.0210319,-0.00118,1.0592678,-0.1129223,-0.0239587,-0.2549647,-1.856352,0.0327577,-0.0947159,-0.0862725,-0.1344017,-10.2004998,-0.0212616,0.0680235,-11.3898865
2008-08-01,-0.1977187,1.0592678,-0.1785751,-0.1201857,-0.0743569,-2.1782516,0.0172746,-0.0212616,-26.687097,-0.8091333,0.0291795,-0.0947159,3.0680172,0.0528256,0.0103021,0.106596,-0.5051456,-0.0151995,0.0575198,-0.0331805,0.1019895,-11.3898865,-0.0225747,-0.0402042,11.4779237
2008-09-01,-0.0819481,3.0680172,-0.0809787,0.0358164,0.7249696,2.5408373,0.0376506,-0.0225747,18.547602,5.1272848,-0.0076,0.0575198,-0.8091333,-0.0141283,0.0500496,-0.1071708,-1.6650742,-0.0239587,0.00681,0.2239728,0.00945,11.4779237,0.0262149,0.1960394,-27.6247029
2008-10-01,0.00789,-0.8091333,0.1071179,-0.0268371,-1.4918722,-1.0009875,-0.0163714,0.0262149,5.1639255,12.6876851,0.00467,0.00681,5.1272848,0.0591888,-0.0465846,0.1784226,-9.6814979,0.0103021,0.0723634,0.1538927,-0.037926,-27.6247029,-0.0054,-0.1785751,35.1783219
2008-11-01,-1.1200981,5.1272848,-0.1562683,-0.0395571,-1.2789625,0.3279856,-0.0352973,-0.0054,8.3958745,-7.4764668,-0.00297,0.0723634,12.6876851,0.000665,0.0021,0.238435,4.5647582,0.0500496,-0.0351879,-0.2393763,-0.0498302,35.1783219,0.0319158,-0.0809787,-39.7014185
2008-12-01,-1.321909,12.6876851,-0.0974614,-0.0433795,0.1755002,0.3441599,-0.0107407,0.0319158,-8.7774206,-0.4638099,-0.0248709,-0.0351879,-7.4764668,-0.05663,0.0111389,-0.143136,-3.1102831,-0.0465846,-0.0307395,0.0599697,0.1782291,-39.7014185,0.017023,0.1071179,23.1621492
2009-01-01,-0.8478609,-7.4764668,0.1195487,0.0124746,1.3090964,-2.1872597,-0.0231646,0.017023,-8.1034139,-4.827708,0.0196882,-0.0307395,-0.4638099,0.00925,-0.0206044,-0.0454108,-4.2244415,0.0021,0.0137497,-0.1041178,-0.0910735,23.1621492,-0.0165125,-0.1562683,-25.3859665
2009-02-01,-0.3798304,-0.4638099,-0.020267,0.0107198,0.3830416,1.7084182,-0.0493777,-0.0165125,6.8910232,2.692493,-0.00728,0.0137497,-4.827708,0.00738,0.0444612,0.0888833,-4.4214096,0.0111389,0.00493,0.1122169,0.1536503,-25.3859665,0.0287147,-0.0974614,-19.723087
2009-03-01,-0.6689129,-4.827708,0.0912612,0.0531177,1.9307533,-0.9013542,0.0630458,0.0287147,11.9652536,2.5288578,0.0116451,0.00493,2.692493,0.0181924,-0.01333,-0.1834923,0.49253,-0.0206044,0.000504,-0.3408409,-0.2371058,-19.723087,-0.007,0.1195487,39.583801
2009-04-01,-0.310619,2.692493,-0.2004556,-0.0343889,1.9581017,1.5835906,-0.0119126,-0.007,15.8602561,2.1654134,0.010204,0.000504,2.5288578,-0.0487068,0.00974,0.1080862,1.0827231,0.0444612,-0.0352674,0.3230722,-0.2392365,39.583801,0.0347061,-0.020267,-14.9915772
2009-05-01,-0.1903772,2.5288578,-0.2275672,-0.0465272,1.0377525,0.512492,-0.00591,0.0347061,-29.1007241,-0.7132924,-0.00912,-0.0352674,2.1654134,0.0757505,-0.0225361,-0.2411478,5.2078806,-0.01333,0.0405546,-0.0487833,0.1971356,-14.9915772,-0.0137174,0.0912612,5.2669781
2009-06-01,0.0233519,2.1654134,0.4961262,0.0384551,0.8687459,-0.8769461,0.0715581,-0.0137174,25.3172004,-0.2388694,0.00268,0.0405546,-0.7132924,-0.0358846,0.0313087,0.1459623,-4.2516838,0.00974,-0.0361138,-0.0945143,0.0303848,5.2669781,0.0204856,-0.2004556,15.7156235
2009-07-01,0.2890734,-0.7132924,-0.2461335,-0.0615248,1.018283,0.2403228,-0.0558425,0.0204856,-6.7856047,-1.9652012,0.00578,-0.0361138,-0.2388694,0.058726,0.00895,0.1595461,-4.0117309,-0.0225361,-0.0485536,0.0340709,0.00958,15.7156235,0.00322,-0.2275672,17.5603138
2009-08-01,0.1110386,-0.2388694,0.0822916,0.0390585,0.6668495,0.9713333,-0.0342613,0.00322,-1.8730055,5.8198593,-0.0135998,-0.0485536,-1.9652012,-0.0607058,-0.0113665,0.0593126,3.8418658,0.0313087,0.0675809,0.1461587,0.12519,17.5603138,0.017683,0.4961262,-26.9795799
2009-09-01,0.6480404,-1.9652012,-0.1428209,-0.0203175,1.0390058,-1.7982443,-0.0184244,0.017683,-28.6854437,-6.1527498,0.0110761,0.0675809,5.8198593,0.0199153,0.0260153,-0.1085159,-6.7694933,0.00895,0.0134847,-0.1881857,-0.2390383,-26.9795799,-0.0115058,-0.2461335,9.7805038
2009-10-01,0.1534972,5.8198593,0.0263094,0.00583,0.5866723,1.4041742,0.00767,-0.0115058,-29.4099226,-3.3603648,-0.000201,0.0134847,-6.1527498,0.0317123,-0.0244259,0.0105599,5.2236588,-0.0113665,-0.0359405,0.1845392,0.1926316,9.7805038,-0.0159124,0.0822916,-23.9930347
2009-11-01,0.6182577,-6.1527498,0.2166505,0.0391125,-0.8287358,0.3522702,0.00513,-0.0159124,15.4470078,-0.5669295,-0.0122875,-0.0359405,-3.3603648,0.0485251,0.0143871,-0.0563936,-1.1668614,0.0260153,0.0280125,-0.2034639,-0.1319376,-23.9930347,0.00257,-0.1428209,-15.2451966
2009-12-01,0.236874,-3.3603648,-0.0634967,-0.00969,-0.9250403,-1.5602048,-0.0124527,0.00257,16.6083064,-0.0912652,0.0484219,0.0280125,-0.5669295,-0.007,-0.00984,-0.3609424,1.7114981,-0.0244259,-0.0238833,0.1707952,-0.00316,-15.2451966,0.00451,0.0263094,34.7899626
2010-01-01,0.6460433,-0.5669295,0.0304318,0.0405475,1.649673,4.4967181,0.00845,0.00451,1.8912769,1.2207554,-0.022234,-0.0238833,-0.0912652,-0.00388,-0.0254501,0.3616649,2.361941,0.0143871,0.0266971,-0.1333331,0.187501,34.7899626,0.0238816,0.2166505,-29.4092027
2010-02-01,0.319036,-0.0912652,-0.179054,-0.1003099,-3.9309123,-2.160458,-0.0195397,0.0238816,-3.7163706,0.2563695,0.0115252,0.0266971,1.2207554,0.0290001,0.0287014,0.1221238,-1.2687944,-0.00984,-0.031483,-0.1296531,-0.2165321,-29.4092027,-0.00259,-0.0634967,14.6074246
2010-03-01,0.4963489,1.2207554,-0.0039,0.0371325,3.7735402,1.2912876,0.00814,-0.00259,5.556506,0.0749179,-0.0121354,-0.031483,0.2563695,-0.0349422,0.0354355,-0.0414684,3.3539701,-0.0254501,0.0216289,0.1906319,0.04861,14.6074246,0.0123581,0.0304318,17.1425745
2010-04-01,-0.0895889,0.2563695,0.3512698,-0.0291324,1.1636887,-0.9427771,-0.00297,0.0123581,-21.5915308,0.0387095,0.0197945,0.0216289,0.0749179,0.0221574,-0.0261314,0.0399669,-8.7154681,0.0287014,0.00816,0.00752,0.1387633,17.1425745,-0.0282016,-0.179054,-20.1015906
2010-05-01,0.552115,0.0749179,-0.2237353,0.0000379,-3.8517709,1.7090893,0.00758,-0.0282016,35.5865029,3.6731054,-0.00463,0.00816,0.0387095,-0.0836503,-0.0174618,0.0491381,2.5626827,0.0354355,-0.0490119,0.0327583,-0.1678957,-20.1015906,-0.000251,-0.0039,-15.7167841
2010-06-01,0.2252356,0.0387095,-0.0745618,-0.00181,-0.5199677,-0.5859328,-0.0241233,-0.000251,-24.9368312,-3.7014246,-0.00874,-0.0490119,3.6731054,0.0484835,-0.0243151,0.0626703,-2.8060208,-0.0261314,0.0207278,0.0622229,0.0215303,-15.7167841,0.00807,0.3512698,19.56717
2010-07-01,0.061854,3.6731054,0.022332,0.00633,-0.9954031,-0.7431051,-0.0221404,0.00807,-0.2951415,-1.4498425,-0.00405,0.0207278,-3.7014246,-0.0528549,0.00872,-0.6240248,-0.3246733,-0.0174618,-0.00191,-0.028083,-0.0863988,19.56717,0.00254,-0.2237353,-0.493358
2010-08-01,0.3210746,-3.7014246,-0.1236505,0.0406968,1.0741864,-0.2728765,0.0235094,0.00254,-8.8517751,1.2323219,-0.0137508,-0.00191,-1.4498425,0.0718697,0.0201,0.3496379,-0.0697407,-0.0243151,-0.00601,-0.1801842,-0.000832,-0.493358,0.0169035,-0.0745618,-25.7774421
2010-09-01,0.0165413,-1.4498425,0.1865921,-0.0100636,-0.4207633,-1.0019186,0.00626,0.0169035,18.4106131,-6.551675,0.00942,-0.00601,1.2323219,0.0377598,0.00743,0.0146772,-0.0456281,0.00872,0.0335728,0.1726876,0.1276465,-25.7774421,0.000361,0.022332,28.0963464
2010-10-01,0.4339953,1.2323219,-0.0779741,-0.0266712,1.2686427,0.4635428,-0.0163619,0.000361,0.0860982,4.1975775,-0.0119912,0.0335728,-6.551675,-0.0816381,-0.00668,0.0187393,5.0256172,0.0201,-0.0911955,-0.0414354,0.0623628,28.0963464,0.0334421,-0.1236505,-15.1357619
2010-11-01,0.3254808,-6.551675,-0.0210113,0.0156203,0.7946837,-0.925525,0.00293,0.0334421,-15.0199863,1.0457568,-0.0124628,-0.0911955,4.1975775,-0.000328,0.00255,-0.1814617,-0.2692308,0.00743,0.0420442,-0.1417142,-0.0359916,-15.1357619,-0.0185802,0.1865921,13.4890989
2010-12-01,0.7070986,4.1975775,0.1046308,-0.0201789,-0.4788704,-1.3329447,0.0126149,-0.0185802,8.1025918,0.8440909,0.0120168,0.0420442,1.0457568,0.00187,-0.0066,0.1289203,-2.2830286,-0.00668,0.0113991,0.0367679,-0.0805416,13.4890989,-0.0201011,-0.0779741,21.7365882
2011-01-01,0.2810361,1.0457568,-0.0672588,0.0306054,-0.8646892,1.310507,-0.00869,-0.0201011,-7.7474604,-2.582479,-0.00446,0.0113991,0.8440909,-0.00509,0.0201181,0.0942277,1.1324892,0.00255,-0.0166831,0.1246147,-0.1784345,21.7365882,-0.00341,-0.0210113,-37.4440608
2011-02-01,-0.0247443,0.8440909,0.2524653,0.0301887,0.1569099,-0.270571,-0.025405,-0.00341,6.1644587,0.2188543,-0.00145,-0.0166831,-2.582479,-0.00345,-0.0185804,-0.1929009,-2.4259625,-0.0066,-0.0124785,0.0781945,0.2879185,-37.4440608,0.00906,0.1046308,-0.3375269
2011-03-01,0.3316422,-2.582479,-0.0289482,-0.0281499,-2.2524404,0.0983136,0.015211,0.00906,-7.5334427,-0.9592739,0.0132283,-0.0124785,0.2188543,-0.0222778,0.0154714,0.0455509,2.4266362,0.0201181,0.0553524,-0.1623552,-0.2169788,-0.3375269,-0.0242906,-0.0672588,13.809697
2011-04-01,0.1334403,0.2188543,-0.1004147,0.0291769,-1.1077035,0.2788555,-0.0279085,-0.0242906,4.9984357,-1.957118,-0.0173858,0.0553524,-0.9592739,-0.00258,0.000561,-0.1648743,3.1608906,-0.0185804,-0.0308748,0.0986354,0.0839628,13.809697,0.00977,0.2524653,2.063025
2011-05-01,-0.2399604,-0.9592739,-0.0607033,-0.0151841,1.3947053,-2.1855495,-0.00833,0.00977,32.4592368,-2.4796515,-0.0041734,-0.0308748,-1.957118,-0.0174259,0.0102816,0.2540993,-2.7909732,0.0154714,-0.0334536,-0.0795999,0.0359485,2.063025,-0.0128849,-0.0289482,-8.7942923
2011-06-01,0.3440701,-1.957118,0.0662604,-0.0162994,-1.6573299,0.9114932,0.0300628,-0.0128849,-72.8376183,2.082725,0.00219,-0.0334536,-2.4796515,-0.061794,-0.000262,0.2115675,3.0060504,0.000561,0.0232876,0.1454121,-0.14122,-8.7942923,0.0204109,-0.1004147,7.2695044
2011-07-01,0.7164162,-2.4796515,-0.1781916,0.0106556,2.6052748,-0.2445716,-0.0266856,0.0204109,2.5470788,0.9761017,0.0242373,0.0232876,2.082725,0.120797,0.0057,-0.1850638,-1.7201292,0.0102816,0.0217529,-0.2639034,0.1374987,7.2695044,0.00195,-0.0607033,-11.2333373
2011-08-01,0.5510649,2.082725,0.1062363,-0.0315602,0.1600866,2.30807,-0.0468544,0.00195,49.4060751,10.5514326,0.00356,0.0217529,0.9761017,0.00661,-0.00967,-0.1080758,-1.3688039,-0.000262,-0.0111668,0.2055392,-0.3841646,-11.2333373,-0.00728,0.0662604,-27.0715897
2011-09-01,0.1541758,0.9761017,0.1109473,-0.0496891,0.3875962,0.341141,0.0429912,-0.00728,-0.237452,-8.8213336,-0.0141144,-0.0111668,10.5514326,0.0209327,-0.0077,-0.4073897,0.5485938,0.0057,-0.00732,0.0254295,0.232318,-27.0715897,-0.00125,-0.1781916,44.9542209
2011-10-01,0.0195946,10.5514326,-0.0181221,0.0972225,0.3922639,-0.8788454,0.0209954,-0.00125,-20.7232078,0.4617047,0.000374,-0.00732,-8.8213336,-0.0275724,0.0220201,0.2781653,-1.3380606,-0.00967,0.00853,-0.1062196,0.1368508,44.9542209,0.0101583,0.1062363,-6.0972026
2011-11-01,0.0748019,-8.8213336,-0.0894864,-0.0282785,-0.4282091,-0.7478018,-0.00755,0.0101583,24.5835139,-3.7398829,0.0118653,0.00853,0.4617047,-0.0583955,-0.00753,0.2376295,-5.682737,-0.0077,-0.0049,0.1806706,-0.0260342,-6.0972026,-0.0222582,0.1109473,-46.4090715
2011-12-01,0.461494,0.4617047,0.0117124,-0.0141825,-1.3266592,1.7150361,-0.0598311,-0.0222582,-11.302961,-2.2526868,-0.017431,-0.0049,-3.7398829,0.0445307,0.0005659,0.0370203,10.0829642,0.0220201,0.00248,-0.2354682,-0.0140646,-46.4090715,0.00369,-0.0181221,27.4595342
2012-01-01,-0.0622397,-3.7398829,-0.1785886,-0.00963,-0.4365925,-1.8638011,0.0243492,0.00369,3.5623393,-1.0920059,0.0282219,0.00248,-2.2526868,-0.00994,-0.00492,-0.0138406,-4.2367634,-0.00753,-0.0205907,0.1228231,-0.1236806,27.4595342,-0.0000261,-0.0894864,36.3002297
2012-02-01,-0.2631852,-2.2526868,0.0660695,0.0282938,0.6743053,2.4127115,-0.022054,-0.0000261,12.6828743,1.3194603,-0.048384,-0.0205907,-1.0920059,-0.0165993,-0.00673,-0.4510521,-0.8916681,0.0005659,0.0441721,-0.0212365,-0.0220716,36.3002297,-0.00421,0.0117124,-29.0105838
2012-03-01,0.2450932,-1.0920059,0.069112,-0.00169,-1.4436268,-4.2757861,0.0163254,-0.00421,-10.9538044,1.5218794,0.0125958,0.0441721,1.3194603,-0.0294808,-0.00812,0.5112644,-1.3026005,-0.00492,-0.0231418,-0.0673801,0.0965355,-29.0105838,-0.00911,-0.1785886,20.0711395
2012-04-01,0.3396772,1.3194603,-0.0180635,-0.0202163,1.0180481,0.6146353,0.0236298,-0.00911,5.8227714,-3.5106424,0.0100882,-0.0231418,1.5218794,0.0634406,0.0163376,0.0727885,2.9591361,-0.00673,-0.0107535,-0.0635959,-0.0578772,20.0711395,0.00982,0.0660695,-16.4667975
2012-05-01,0.1564307,1.5218794,0.1178304,0.010199,-0.6822717,1.2837629,-0.0116854,0.00982,-22.2350056,2.1847079,-0.00454,-0.0107535,-3.5106424,-0.1294435,-0.0125538,-0.1094488,-0.1853334,-0.00812,0.0300766,0.1682212,0.1835397,-16.4667975,0.0117453,0.069112,-23.2178208
2012-06-01,0.0489148,-3.5106424,0.00606,-0.00852,2.4083447,0.0879825,-0.0133461,0.0117453,13.9987815,-0.9128974,-0.00118,0.0300766,2.1847079,0.1382482,0.0110011,-0.2874077,-1.8189208,0.0163376,-0.013512,-0.1617788,-0.3144156,-23.2178208,-0.00476,-0.0180635,6.929523
2012-07-01,0.1955952,2.1847079,0.2210036,0.0127828,-1.0809182,-1.0515513,0.031245,-0.00476,-5.5984169,0.2069162,-0.00286,-0.013512,-0.9128974,-0.0261986,0.00961,0.2008337,0.8783171,-0.0125538,0.0051,0.0055322,0.5758573,6.929523,0.0249387,0.1178304,12.9892204
2012-08-01,-0.1295953,-0.9128974,-0.2055101,-0.064495,0.1300944,0.2864994,-0.0186931,0.0249387,16.646154,-1.0017075,0.0138621,0.0051,0.2069162,0.00489,-0.00955,0.0652282,-0.4406163,0.0110011,-0.0176191,0.0874109,-0.2742409,12.9892204,-0.0196966,0.00606,8.0092298
2012-09-01,-0.00946,0.2069162,0.0383252,0.0513055,-0.0320883,0.7458022,-0.0263221,-0.0196966,-13.1183697,-0.0547954,-0.00862,-0.0176191,-1.0017075,-0.0133314,-0.0092335,-0.0941222,0.8364018,0.00961,0.0183592,-0.0321635,-0.0197399,8.0092298,0.010871,0.2210036,-15.0087746
2012-10-01,-0.0412342,-1.0017075,-0.2117751,0.00227,-2.3348206,-0.5085156,-0.00463,0.010871,4.0882019,-0.6241674,-0.00104,0.0183592,-0.0547954,-0.0233387,0.0118073,-0.0172648,-6.5089067,-0.00955,-0.00696,-0.1474533,-0.1496895,-15.0087746,-0.0145715,-0.2055101,47.6982956
2012-11-01,0.4788092,-0.0547954,0.0746016,-0.00497,2.4154182,0.434893,-0.0239885,-0.0145715,3.0224465,0.8682492,-0.00229,-0.00696,-0.6241674,0.0380075,-0.0126735,0.3127232,5.6362074,-0.0092335,-0.000269,0.1898718,0.3049272,47.6982956,0.0764515,0.0383252,-19.3316792
2012-12-01,-0.00512,-0.6241674,0.0472053,-0.0469108,0.3296949,-0.8872651,0.0292345,0.0764515,-8.790623,1.814488,0.00328,-0.000269,0.8682492,-0.0818797,0.00444,-0.356229,0.5906327,0.0118073,-0.013712,0.0243825,-0.4237885,-19.3316792,-0.0824731,-0.2117751,-10.4322688
2013-01-01,0.4900913,0.8682492,-0.0452142,0.0356153,1.3909781,0.6053127,-0.0193342,-0.0824731,3.7469582,1.6309941,-0.00383,-0.013712,1.814488,0.0505023,-0.00498,-0.0940272,-0.8009886,-0.0126735,0.0234526,-0.0362123,0.1780999,-10.4322688,0.0262454,0.0746016,7.4659155
2013-02-01,0.4478509,1.814488,-0.0513536,-0.0154954,0.0475066,-0.6399932,0.036683,0.0262454,-17.9673247,-0.8878149,-0.000661,0.0234526,1.6309941,0.00699,-0.0043,0.2230511,-5.094996,0.00444,-0.0187931,-0.0568159,-0.0584087,7.4659155,-0.0148605,0.0472053,-49.9219234
2013-03-01,0.4021497,1.6309941,-0.0311728,-0.018171,0.7692292,-0.0368543,-0.0385049,-0.0148605,20.2227039,-0.5370375,0.0118633,-0.0187931,-0.8878149,0.0194062,0.0183341,-0.0837501,3.5455855,-0.00498,-0.0117299,0.1124601,0.1563247,-49.9219234,0.0138004,-0.0452142,-7.368598
2013-04-01,0.1115173,-0.8878149,0.0742016,-0.00853,-0.6982963,1.7687385,-0.0354494,0.0138004,-64.9572492,0.3407887,-0.00683,-0.0117299,-0.5370375,-0.015051,-0.0320233,-0.0814304,-1.5356966,-0.0043,0.0180053,-0.0939361,-0.1805081,-7.368598,0.0104615,-0.0513536,44.2279528
2013-05-01,0.2642206,-0.5370375,-0.0755716,0.0282,1.2582438,-0.3563025,0.0317908,0.0104615,73.5501389,-0.4839099,0.00604,0.0180053,0.3407887,-0.00771,0.0321871,0.1128576,-2.0124171,0.0183341,-0.0190981,0.0522712,0.2240552,44.2279528,0.1853691,-0.0311728,-4.5915374
2013-06-01,-0.3937529,0.3407887,0.0493243,-0.0514228,-0.4486192,-0.2239129,-0.0273881,0.1853691,-23.8547814,0.4833116,0.00533,-0.0190981,-0.4839099,-0.0268995,-0.00617,-0.5200248,-0.5592531,-0.0320233,0.0343398,0.0276059,-0.150875,-4.5915374,-0.1232497,0.0742016,-19.7872083
2013-07-01,0.5422384,-0.4839099,-0.0345519,0.0350525,-0.5986456,0.6815886,0.0267638,-0.1232497,0.3809041,0.5637493,0.0706565,0.0343398,0.4833116,0.0574595,-0.0058,0.5135923,2.6636625,0.0321871,-0.0332935,0.0163559,0.049113,-19.7872083,-0.0575983,-0.0755716,-14.7229176
2013-08-01,0.4718599,0.4833116,0.2348152,-0.00106,-1.1041778,7.1535984,0.00187,-0.0575983,-2.0783784,-0.1226942,-0.0926641,-0.0332935,0.5637493,-0.080928,-0.000997,-0.1794658,-4.6281133,-0.00617,0.0260986,-0.1188878,-0.1440063,-14.7229176,0.0137246,0.0493243,57.1855443
2013-09-01,0.3267402,0.5637493,-0.2761626,0.0351504,1.098985,-9.354174,-0.0270942,0.0137246,35.0376371,-1.3925761,0.00928,0.0260986,-0.1226942,0.0234665,0.00588,0.285062,3.1297817,-0.0058,-0.0000661,0.0174386,0.1717616,57.1855443,-0.0459339,-0.0345519,-16.6519279
2013-10-01,0.5577829,-0.1226942,0.1627704,-0.0101459,-0.9128775,0.8048679,0.0849295,-0.0459339,-27.5918855,3.8140005,0.00258,-0.0000661,-1.3925761,0.0219037,0.0144764,-0.0162081,-0.2766037,-0.000997,0.00403,0.0141501,-0.2145255,-16.6519279,0.0663213,0.2348152,-5.9859231
2013-11-01,0.1496985,-1.3925761,-0.0381875,-0.0122563,0.9108206,0.2040197,-0.0813786,0.0663213,4.4650675,-0.4198065,0.0197919,0.00403,3.8140005,0.00156,0.0150719,-0.1271195,3.8534769,0.00588,-0.0005,0.0665554,0.1948787,-5.9859231,0.4163503,-0.2761626,12.0085786
2013-12-01,-0.4847856,3.8140005,-0.0127737,0.0429181,1.8118593,2.3735818,0.07346,0.4163503,-1.3662376,-3.0009094,-0.00689,-0.0005,-0.4198065,-0.0114411,-0.00472,-0.0942062,-0.7790124,0.0144764,0.0826571,0.0254204,-0.0542063,12.0085786,-0.3559566,0.1627704,-15.9579101
2014-01-01,0.2806315,-0.4198065,0.0487065,-0.0192118,1.608966,-0.8273854,-0.0485834,-0.3559566,5.4573102,3.8228049,-0.000758,0.0826571,-3.0009094,0.0688712,0.019815,0.099066,-1.3775514,0.0150719,-0.0868199,-0.00545,-0.0129422,-15.9579101,-0.0168706,-0.0381875,-1.0801946
2014-02-01,0.5900511,-3.0009094,-0.2638268,-0.0128328,-0.7137854,-0.3628629,0.0197867,-0.0168706,-6.8035624,0.2739596,0.0130226,-0.0868199,3.8228049,-0.0809404,0.0107418,0.0476102,3.8668268,-0.00472,0.027157,0.00733,-0.00196,-1.0801946,-0.0103028,-0.0127737,19.6512655
2014-03-01,0.1173027,3.8228049,0.2015955,0.0323691,2.0976401,1.3539553,-0.0772782,-0.0103028,-8.6099123,-0.7230024,-0.0120574,0.027157,0.2739596,0.0232139,-0.0246584,0.1091827,-1.6710879,0.019815,-0.0179408,-0.0346394,-0.1590957,19.6512655,0.0225819,0.0487065,-15.4546525
2014-04-01,0.3443963,0.2739596,0.2662244,0.00815,0.4592975,-1.2491315,0.0595477,0.0225819,56.358599,1.4445681,-0.000296,-0.0179408,-0.7230024,0.00893,0.0277274,-0.0248904,-1.3957786,0.0107418,0.0308793,0.0914039,0.1617135,-15.4546525,-0.0293749,-0.2638268,6.8619418
2014-05-01,0.3637652,-0.7230024,-0.2315727,-0.00505,-0.0306241,-0.1837828,0.0167744,-0.0293749,-63.0954753,-0.8433212,-0.0112678,0.0308793,1.4445681,0.0232652,-0.0214873,-0.1149631,4.0669565,-0.0246584,-0.0174959,-0.0382975,0.054598,6.8619418,0.0621542,0.2015955,7.9803697
2014-06-01,0.280792,1.4445681,-0.0546791,0.0509963,-0.3935616,0.0266262,0.0143455,0.0621542,15.2287342,-0.35852,0.029304,-0.0174959,-0.8433212,0.0454137,-0.0116838,-0.0899719,0.109156,0.0277274,-0.0225774,-0.0650461,0.032521,7.9803697,-0.0857195,0.2662244,-5.8966475
2014-07-01,0.0590749,-0.8433212,0.0336359,-0.055845,-1.0725429,2.6174364,-0.0359819,-0.0857195,24.7433404,0.3284851,-0.0182065,-0.0225774,-0.35852,-0.0815228,0.0127259,0.1958462,-0.7467324,-0.0214873,0.0502277,0.0913336,-0.0406785,-5.8966475,0.0246169,-0.2315727,-41.4367913
2014-08-01,-0.1563173,-0.35852,-0.0921429,0.00811,3.0531385,-1.6941342,0.0309877,0.0246169,-17.1163846,0.9112793,0.0281285,0.0502277,0.3284851,0.0518686,0.0181206,0.1301249,5.7129792,-0.0116838,-0.0865184,-0.0747633,0.1612916,-41.4367913,-0.0362554,-0.0546791,49.7592238
2014-09-01,0.6198417,0.3284851,0.1115648,0.004348,-0.3433513,2.1169004,0.0291636,-0.0362554,20.3671788,1.8190095,-0.00283,-0.0865184,0.9112793,-0.0185055,0.00194,-0.0562605,-6.0950753,0.0127259,0.0531513,0.00702,0.0115435,49.7592238,0.0977584,0.0336359,-18.9041323
2014-10-01,0.4123472,0.9112793,0.0831668,-0.0422713,-4.2790058,-0.3365707,-0.0346378,0.0977584,8.5606389,-0.9978441,0.00299,0.0531513,1.8190095,0.00174,-0.0239158,0.0517015,0.74088,0.0181206,-0.0026,-0.0456263,-0.2406535,-18.9041323,-0.0599175,-0.0921429,-14.1754474
2014-11-01,-0.0709675,1.8190095,-0.00214,0.0249483,3.0148755,0.3961057,0.0257427,-0.0599175,-13.8856955,-0.1019115,-0.00821,-0.0026,-0.9978441,0.00274,0.00854,0.00335,0.5979149,0.00194,-0.0213277,0.1302307,0.1147135,-14.1754474,-0.0329544,0.1115648,33.3859768
2014-12-01,0.1902856,-0.9978441,-0.1387627,0.0319058,-1.0717729,-0.5993665,-0.0470999,-0.0329544,9.0989328,1.1977533,-0.00472,-0.0213277,-0.1019115,-0.00847,-0.00361,0.0144864,-4.1161266,-0.0239158,0.00555,-0.0760247,-0.0856585,33.3859768,-0.0308493,0.0831668,-31.4028371
2015-01-01,-0.3601423,-0.1019115,0.1397992,-0.0663463,0.5109605,-0.5973275,0.0310839,-0.0308493,-4.0432244,1.0546525,-0.00565,0.00555,1.1977533,0.00876,-0.00252,0.0644072,2.6060892,0.00854,0.0229343,-0.1082157,0.1438396,-31.4028371,0.0112366,-0.00214,17.4508848
2015-02-01,-0.0648095,1.1977533,-0.0217209,0.00819,-0.5993719,-0.0574435,-0.033778,0.0112366,-46.7452024,-0.5789882,0.00974,0.0229343,1.0546525,0.0220933,0.00441,-0.1678163,2.8443018,-0.00361,0.0639734,0.0688422,-0.0809489,17.4508848,0.0254949,-0.1387627,14.8725191
2015-03-01,-0.0897463,1.0546525,-0.0463871,0.000302,-1.0161097,0.2625957,0.0378426,0.0254949,44.5237537,-1.1959475,-0.00609,0.0639734,-0.5789882,-0.0147854,0.0137114,-0.1685287,-6.3633532,-0.00252,-0.0229702,-0.0428602,0.0610987,14.8725191,0.0251424,0.1397992,-40.0864604
2015-04-01,-0.0838176,-0.5789882,0.0255348,0.024396,0.4129528,-0.0626435,0.0160377,0.0251424,-25.6822608,1.8782039,0.00124,-0.0229702,-1.1959475,0.0734443,-0.0215948,0.0502538,0.6695326,0.00441,-0.0102769,0.1030385,0.0210235,-40.0864604,-0.030594,-0.0217209,15.0395237
2015-05-01,-0.1983337,-1.1959475,0.0709053,-0.0376849,1.9968429,-0.1632959,-0.0127684,-0.030594,13.1178483,-1.3318099,0.00411,-0.0102769,1.8782039,-0.0368458,0.0230904,-0.0499605,-0.2333622,0.0137114,0.00742,-0.077672,-0.1592217,15.0395237,-0.00733,-0.0463871,31.519238
2015-06-01,0.3778411,1.8782039,-0.1427128,0.0136388,-1.0414034,0.5727051,0.0131265,-0.00733,14.1101534,-1.1346424,-0.000145,0.00742,-1.3318099,-0.0290428,0.00841,0.1832565,2.756866,-0.0215948,-0.0254343,-0.0555092,-0.0520184,31.519238,-0.00905,0.0255348,-6.7910763
2015-07-01,0.3925907,-1.3318099,-0.0229846,0.0160558,-1.2900399,-0.3678211,-0.00431,-0.00905,-1.7000798,4.8210323,0.0119653,-0.0254343,-1.1346424,0.0342519,0.00946,-0.0471643,-5.4339525,0.0230904,-0.00254,0.1543806,0.0800065,-6.7910763,-0.00387,0.0709053,1.0051565
2015-08-01,0.2195689,-1.1346424,0.1103719,-0.00833,0.8719043,0.9829323,-0.0452715,-0.00387,-2.4497011,2.4139711,-0.0191412,-0.00254,4.8210323,-0.0507898,-0.0151264,-0.1514652,3.3729875,0.00841,0.0279305,-0.0708292,0.1888125,1.0051565,-0.00368,-0.1427128,-21.3612146
2015-09-01,-0.447532,4.8210323,-0.2176989,-0.0228534,-0.6072666,-1.7640435,0.0317479,-0.00368,-20.2618197,-5.0167548,0.0114254,0.0279305,2.4139711,0.0379531,0.00257,0.1490258,1.1446705,0.00946,-0.000453,-0.0270934,-0.3123912,-21.3612146,0.0097,-0.0229846,6.3489193
2015-10-01,0.0610204,2.4139711,0.1262115,0.0264526,1.0607837,1.1599112,-0.00975,0.0097,8.4662346,-1.5393013,-0.00916,-0.000453,-5.0167548,-0.0227711,-0.0398346,-0.0340807,-0.7826477,-0.0151264,-0.000908,0.0906643,0.4601291,6.3489193,-0.0191653,0.1103719,-2.4310803
2015-11-01,0.2315494,-5.0167548,0.0476942,-0.00276,0.9049858,-0.8952634,0.0228647,-0.0191653,8.3830987,-0.5884922,-0.00805,-0.000908,-1.5393013,-0.00749,0.0119511,-0.0869966,-2.4458283,0.00257,0.1115343,0.00526,-0.3061393,-2.4310803,0.00876,-0.2176989,3.4409268
2015-12-01,0.1801736,-1.5393013,0.0123734,0.00556,0.7654911,-0.4658992,0.00132,0.00876,-3.7440734,-0.0842364,0.002,0.1115343,-0.5884922,0.0435862,0.0189625,0.0985592,2.7346554,-0.0398346,-0.0232432,-0.001,0.1269451,3.4409268,0.00475,0.1262115,4.6742686
2016-01-01,0.5338494,-0.5884922,-0.0904112,0.0176662,0.7854698,0.1100596,-0.025366,0.00475,4.6644528,0.8592115,0.00459,-0.0232432,-0.0842364,-0.00802,-0.00367,-0.1303278,-0.0108459,0.0119511,-0.0264435,0.023347,-0.1823179,4.6742686,-0.0120122,0.0476942,7.5395552
2016-02-01,-0.2429846,-0.0842364,0.1222623,0.000324,0.9065456,0.1628998,0.0294145,-0.0120122,7.4095216,-0.8256636,-0.00251,-0.0264435,0.8592115,0.00905,-0.00663,-0.1617424,0.297084,0.0189625,-0.0469549,-0.0593513,0.0758551,7.5395552,0.00247,0.0123734,0.4849067
2016-03-01,-0.3415126,0.8592115,0.0808043,-0.0299017,0.0946999,-0.3716996,0.00328,0.00247,-9.8964521,-0.526552,0.00268,-0.0469549,-0.8256636,-0.00701,0.000912,0.0871195,0.8848659,-0.00367,0.00273,0.0668173,0.0307174,0.4849067,0.1406409,-0.0904112,-9.975509
2016-04-01,0.1675978,-0.8256636,-0.0752701,-0.0228716,-0.5030102,-0.0830266,-0.00565,0.1406409,-28.744918,1.295784,-0.00371,0.00273,-0.526552,-0.0321366,0.0000449,0.2825896,1.0671385,-0.00663,-0.0101404,-0.0586915,0.1081759,-9.975509,-0.1446402,0.1222623,4.6896293
2016-05-01,-0.7620255,-0.526552,-0.1641673,-0.00576,0.2969026,0.3033784,-0.024441,-0.1446402,31.5563296,-1.5787997,0.00452,-0.0101404,1.295784,-0.00566,0.0125657,-0.0793809,-3.2498738,0.000912,0.010567,-0.0144002,-0.1895659,4.6896293,-0.00945,0.0808043,-1.5427208
2016-06-01,0.4776649,1.295784,0.0991879,0.0121346,0.5770888,0.2764887,-0.0344988,-0.00945,-8.6532457,2.5243162,-0.0110343,0.010567,-1.5787997,0.0499808,-0.0069,0.0355034,-1.9724624,0.0000449,0.048358,-0.027136,0.1600481,-1.5427208,0.0136717,-0.0752701,0.5810426
2016-07-01,0.7133884,-1.5787997,0.080672,-0.0126714,-0.8459721,-0.5358079,0.033418,0.0136717,-18.2706049,-2.8875146,0.00179,0.048358,2.5243162,-0.0525096,-0.02482,-0.2343837,-0.8328155,0.0125657,-0.0399456,0.0287171,-0.0397599,0.5810426,-0.00123,-0.1641673,-4.6021649
2016-08-01,0.1774054,2.5243162,-0.0771779,0.00033,-4.0211432,-0.7601444,0.00479,-0.00123,10.5163121,-1.5594617,-0.00422,-0.0399456,-2.8875146,0.0442969,-0.0302178,0.0424489,0.255527,-0.0069,-0.0100179,-0.0190044,-0.1009744,-4.6021649,0.00859,0.0991879,-18.4996747
2016-09-01,0.4297368,-2.8875146,0.0918259,0.00366,2.2583995,0.556665,0.00381,0.00859,-5.0355039,0.5558583,-0.00839,-0.0100179,-1.5594617,-0.0189834,0.0368119,-0.1131299,-0.2286895,-0.02482,-0.00521,0.0684412,-0.00399,-18.4996747,-0.0135187,0.080672,6.037304
2016-10-01,0.008,-1.5594617,-0.0376867,0.00734,0.1403846,-0.8611535,-0.00884,-0.0135187,13.3019968,0.4011383,0.0113029,-0.00521,0.5558583,0.00599,0.0191737,-0.094885,0.0843082,-0.0302178,0.0161328,0.0265902,0.0812991,6.037304,0.0141901,-0.0771779,13.4677175
2016-11-01,0.4279714,0.5558583,-0.0771228,0.0171222,0.4513503,0.4990427,-0.012639,0.0141901,-14.2730575,1.9501584,-0.0111667,0.0161328,0.4011383,0.0136304,0.0045,0.0919414,-0.0177253,0.0368119,-0.010807,-0.1706652,0.0150085,13.4677175,0.00778,0.0918259,-9.0552606
2016-12-01,0.2225108,0.4011383,0.0240176,0.0230351,-1.345813,-0.6935965,-0.0400544,0.00778,6.882738,-2.4072413,0.0159709,-0.010807,1.9501584,0.00847,-0.00443,0.1439172,1.0160729,0.0191737,-0.0114532,0.0445881,-0.0500512,-9.0552606,0.00418,-0.0376867,26.7535452
2017-01-01,0.5805781,1.9501584,0.087565,-0.0208023,-0.5447126,0.9457384,0.0627554,0.00418,11.0139877,-1.7634653,-0.00269,-0.0114532,-2.4072413,-0.00221,-0.000201,-0.000917,0.7588704,0.0045,0.00698,0.0704219,0.0890451,26.7535452,-0.0102692,-0.0771228,-16.90189
2017-02-01,0.1959055,-2.4072413,-0.1155442,0.0175868,2.575974,0.0846219,-0.0188821,-0.0102692,-5.864668,-0.2246188,-0.0199578,0.00698,-1.7634653,-0.0298034,0.00832,0.4350449,3.3414413,-0.00443,0.0161419,-0.0533811,0.0469461,-16.90189,-0.00971,0.0240176,1.0787671
2017-03-01,0.4181002,-1.7634653,0.0760242,-0.0157274,-0.2619324,-2.3343509,-0.00469,-0.00971,10.0236402,-0.5267125,0.0132198,0.0161419,-0.2246188,0.0303344,0.00827,-0.229329,-1.890938,-0.000201,-0.00402,0.0636935,-0.1877191,1.0787671,-0.0284699,0.087565,12.918558
2017-04-01,0.5276876,-0.2246188,-0.0777597,-0.00806,0.9918386,2.2749218,0.00407,-0.0284699,-9.0420824,0.1252506,0.00414,-0.00402,-0.5267125,0.0153799,0.00808,0.0260662,1.7026055,0.00832,-0.0351081,-0.0781321,-0.0647465,12.918558,0.0241479,-0.1155442,-12.6814878
2017-05-01,0.3675369,-0.5267125,0.1002513,0.0166258,-2.217216,0.0372467,-0.00293,0.0241479,-1.88588,2.8171471,-0.0160644,-0.0351081,0.1252506,-0.00583,-0.00328,-0.0193825,-1.8468226,0.00827,0.00215,0.1399503,0.0912646,-12.6814878,-0.0101828,0.0760242,-9.7396048
2017-06-01,0.2311777,0.1252506,0.0858528,-0.00127,0.98016,-1.1363117,-0.0187637,-0.0101828,-2.7541836,-2.1413223,0.084463,0.00215,2.8171471,-0.0139521,-0.00194,-0.0460491,-0.5271233,0.00808,0.0407059,-0.0155458,0.0782907,-9.7396048,0.00189,-0.0777597,7.3515411
2017-07-01,0.1324458,2.8171471,-0.4171971,-0.014122,2.3255918,7.7191519,0.00408,0.00189,4.5632605,0.243688,-0.081649,0.0407059,-2.1413223,0.0180881,0.0011,-0.0315902,1.4808032,-0.00328,-0.0257843,-0.1566349,0.00972,7.3515411,0.0117868,0.1002513,-12.1340875
2017-08-01,-0.1318687,-2.1413223,0.2796413,-0.0183599,-3.6583411,-7.5109628,0.00216,0.0117868,1.5728343,-0.4623151,0.00592,-0.0257843,0.243688,-0.026661,-0.0029418,0.0770555,0.2002255,-0.00194,0.00491,0.0442175,-0.1901438,-12.1340875,0.0205694,0.0858528,3.3881764
2017-09-01,0.2236284,0.243688,-0.00387,0.0126454,0.092815,-0.0685847,-0.011351,0.0205694,15.7996316,0.9665347,-0.0156828,0.00491,-0.4623151,-0.00704,-0.010204,-0.0812085,-1.6909909,0.0011,-0.000819,-0.1580205,0.0253564,3.3881764,-0.0129274,-0.4171971,26.0600422
2017-10-01,0.1338224,-0.4623151,-0.0705607,0.0129503,2.0150745,-1.6269263,0.03692,-0.0129274,-30.122056,0.1072505,0.0032,-0.000819,0.9665347,0.032289,-0.00215,-0.0999975,-3.2502356,-0.0029418,-0.0271523,-0.0402868,0.1949802,26.0600422,0.00146,0.2796413,-33.9058927
2017-11-01,0.4992827,0.9665347,0.0116223,-0.0137794,-1.6002313,0.2343171,-0.0311563,0.00146,13.9099211,6.6508205,0.0152369,-0.0271523,0.1072505,0.012135,-0.00738,0.1846866,2.1523491,-0.010204,0.00828,0.1706849,-0.2183573,-33.9058927,-0.00534,-0.00387,-4.6639264
2017-12-01,0.2710201,0.1072505,0.0886236,-0.0195554,0.4515332,2.0433973,0.00104,-0.00534,-14.1833357,15.8809124,-0.00892,0.00828,6.6508205,-0.0348232,0.0103406,-0.0651506,1.7619163,-0.00215,0.00903,0.0495482,0.1760804,-4.6639264,-0.00952,-0.0705607,36.2298071
2018-01-01,-0.0420828,6.6508205,-0.0790265,0.0416086,0.8179203,-1.0612768,0.0170478,-0.00952,-8.0731411,-3.1233691,-0.0109516,0.00903,15.8809124,0.0829942,-0.00251,0.0203693,-1.2411414,-0.00738,-0.0104899,0.00647,-0.030525,36.2298071,0.0168505,0.0116223,-18.887474
2018-02-01,0.514569,15.8809124,0.1358613,-0.0388083,-1.7379406,-1.1850564,-0.0172935,0.0168505,6.0795351,-16.3393225,0.00495,-0.0104899,-3.1233691,-0.0662489,-0.00723,-0.0345656,-2.0374842,0.0103406,-0.00933,-0.00563,-0.0362759,-18.887474,-0.0106873,0.0886236,-12.8746622
2018-03-01,0.297025,-3.1233691,-0.141639,0.0465632,1.4636617,0.6040256,0.00574,-0.0106873,4.9520153,0.447499,0.0041,-0.00933,-16.3393225,-0.00176,0.0229309,0.00621,4.3149692,-0.00251,0.0245905,-0.0385233,-0.295292,-12.8746622,0.0491136,-0.0790265,18.1166477
2018-04-01,0.0447788,-16.3393225,0.0299278,-0.00751,-3.0290831,0.2943762,-0.0220907,0.0491136,13.2772714,-2.6712652,-0.000817,0.0245905,0.447499,-0.0254547,-0.0261691,-0.1841646,-3.8823043,-0.00723,0.00844,0.0248482,0.3480494,18.1166477,-0.0313784,0.1358613,1.5011971
2018-05-01,0.5426968,0.447499,0.00795,-0.00438,3.4424138,0.0897732,0.0169893,-0.0313784,-10.0899272,-2.7560305,-0.00664,0.00844,-2.6712652,-0.0163013,0.00679,0.044687,4.384472,0.0229309,0.0118949,0.00825,-0.1676779,1.5011971,0.0230805,-0.141639,-9.7570713
2018-06-01,0.1161108,-2.6712652,0.0035,-0.0113314,-0.7937291,-0.7218124,0.0421138,0.0230805,20.7143607,-0.2251063,0.0082,0.0118949,-2.7560305,0.00961,0.00932,0.0727087,-0.5008679,-0.0261691,-0.0107191,0.0617295,0.1019729,-9.7570713,0.0888701,0.0299278,2.0498425
2018-07-01,0.3167514,-2.7560305,0.1714421,0.0247299,1.9648049,0.591969,-0.0443426,0.0888701,-8.7162681,-2.1650475,0.0029,-0.0107191,-0.2251063,0.0471929,0.00421,0.2177985,-0.5392977,0.00679,0.0011,-0.0719927,-0.0490393,2.0498425,-0.0877069,0.00795,17.9451142
2018-08-01,0.2063738,-0.2251063,-0.135814,0.00595,-0.8984473,0.4117314,0.00142,-0.0877069,-7.9614313,2.7911209,-0.00216,0.0011,-2.1650475,0.0180291,0.0025,-0.2787547,-0.9182076,0.00932,0.00573,0.0245747,-0.0759133,17.9451142,-0.0100216,0.0035,-5.3339805
2018-09-01,0.0108821,-2.1650475,-0.0122238,-0.0540363,0.2139302,-0.2873056,-0.0311075,-0.0100216,2.2498222,2.4373973,0.00703,0.00573,2.7911209,0.0192262,0.0148431,0.3001398,2.2419819,0.00421,0.0152346,-0.1412308,0.2068715,-5.3339805,0.0595583,0.1714421,-11.2206387
2018-10-01,0.3624493,2.7911209,-0.0195272,0.0410357,-2.0044844,0.6287223,0.0213989,0.0595583,2.5769722,-1.3050653,0.0158646,0.0152346,2.4373973,-0.000634,-0.0134692,-0.0841756,0.7995799,0.0025,-0.0628085,0.1735903,-0.1943479,-11.2206387,-0.038988,-0.135814,15.6555289
2018-11-01,-0.2396755,2.4373973,0.0747455,-0.0467588,1.8595709,1.3341506,0.0108279,-0.038988,2.6295002,-6.5913937,-0.0202278,-0.0628085,-1.3050653,-0.0342099,0.00603,0.0157931,-6.1888234,0.0148431,0.0111872,-0.0692208,0.0553942,15.6555289,-0.0265711,-0.0122238,-3.4737575
2018-12-01,-0.0507987,-1.3050653,-0.0813765,0.0331201,1.3431274,-1.3266319,-0.00456,-0.0265711,22.8924395,0.1707094,-0.000364,0.0111872,-6.5913937,0.0067,-0.00409,-0.3914989,4.61213,-0.0134692,0.00293,0.00607,-0.0385809,-3.4737575,0.0047,-0.0195272,-27.3080785
2019-01-01,-0.027747,-6.5913937,0.0368232,-0.0243555,-2.0543622,-0.2126806,0.000604,0.0047,-35.3254832,0.6226004,0.0125209,0.00293,0.1707094,0.000613,-0.00166,0.225101,-3.3973121,0.00603,0.00992,-0.0155755,0.0686756,-27.3080785,0.00349,0.0747455,4.2018854
2019-02-01,-0.2572036,0.1707094,-0.059565,0.0135004,0.073878,1.1642084,0.00163,0.00349,18.1716148,-2.1580979,-0.0265999,0.00992,0.6226004,0.0261049,0.00245,0.0496897,2.1149693,-0.00409,0.00585,0.00923,-0.0255579,4.2018854,0.00152,-0.0813765,5.3470227
2019-03-01,0.8168522,0.6226004,0.00574,-0.0385865,0.1433329,-2.693816,-0.0255202,0.00152,-21.2319403,0.9807539,0.0105598,0.00585,-2.1580979,0.00402,-0.00647,0.1930733,-2.3611988,-0.00166,-0.00278,-0.0319468,0.0676808,5.3470227,-0.00647,0.0368232,-12.0670687
2019-04-01,0.5576397,-2.1580979,0.0025,0.0391597,-1.4845056,1.0832275,0.0129658,-0.00647,1.2651771,0.5869309,0.0159159,-0.00278,0.9807539,-0.0155077,0.00678,-0.2213958,1.4092825,0.00245,0.0430606,0.0498648,-0.1055125,-12.0670687,0.0393126,-0.059565,16.5493262
2019-05-01,0.2295297,0.9807539,-0.0628121,0.0265416,1.057991,1.4044656,-0.00436,0.0393126,4.6120975,2.7997972,0.00568,0.0430606,0.5869309,0.040818,-0.0149642,0.0268659,-4.1605805,-0.00647,-0.0424201,-0.00964,0.1128155,16.5493262,-0.0489846,0.00574,-20.2173843
2019-06-01,0.2381093,0.5869309,0.1021025,-0.0342576,0.1141877,1.2642299,0.0211816,-0.0489846,2.0285875,-1.7621316,-0.00309,-0.0424201,2.7997972,-0.0424153,-0.0189828,0.025607,4.1825641,0.00678,-0.0198682,0.0311748,0.00798,-20.2173843,0.012238,0.0025,45.596528
2019-07-01,-0.1010546,2.7997972,0.093034,-0.0178211,1.1934368,-0.9449116,-0.00758,0.012238,-4.3809942,0.9121379,-0.0116533,-0.0198682,-1.7621316,0.0135194,0.0169477,-0.0906006,2.6590363,-0.0149642,0.0232302,-0.0153051,-0.1056087,45.596528,-0.021882,-0.0628121,-36.6446546
2019-08-01,-0.0652718,-1.7621316,-0.2974335,0.013239,3.158627,-1.1698871,-0.000625,-0.021882,27.6970455,2.7959206,0.00483,0.0232302,0.9121379,0.00289,0.0131056,0.1413748,-3.3326981,-0.0189828,-0.0156225,-0.00665,0.1224519,-36.6446546,0.00205,0.1021025,-11.9972352
2019-09-01,0.0456897,0.9121379,0.2230212,0.0691002,2.256619,0.4968387,0.0173292,0.00205,-17.5106685,-1.9035557,-0.00025,-0.0156225,2.7959206,0.031596,-0.00457,-0.3492851,-1.9261574,0.0169477,0.0260577,0.00721,-0.2532217,-11.9972352,-0.00197,0.093034,23.9659151
2019-10-01,0.1828003,2.7959206,-0.00647,-0.0781374,-1.6303101,0.0526341,-0.0211042,-0.00197,0.9955143,0.8008822,0.000164,0.0260577,-1.9035557,-0.0264938,-0.0000522,0.158553,1.6144129,0.0131056,-0.00116,-0.0100237,0.170918,23.9659151,0.0107956,-0.2974335,-7.2929909
2019-11-01,-0.0297017,-1.9035557,-0.035267,0.0119572,-1.8182621,0.1276921,-0.00948,0.0107956,-11.8303166,0.3103609,0.00165,-0.00116,0.8008822,0.0129006,0.00962,-0.1133501,5.9619797,-0.00457,0.0355708,0.00792,0.1793203,-7.2929909,0.0578685,0.2230212,-0.2121254
2019-12-01,0.2053313,0.8008822,0.0262472,-0.0195878,0.2033287,-0.2798033,0.0135707,0.0578685,15.1570615,-1.0187056,-0.00645,0.0355708,0.3103609,0.013821,-0.00268,0.3037498,-7.3038189,-0.0000522,-0.0579455,-0.049189,-0.1305203,-0.2121254,-0.0245819,-0.00647,-7.8950074
